match_id,side,team_id,account_id,hero_id,hero_name,inferred_position,last_hits,net_worth,gold_per_min,xp_per_min,obs_placed,sen_placed,camps_stacked,rune_pickups,hero_damage,tower_damage,stuns,carry_item_score,offlane_item_score,support_item_score,lane_safe,lane_mid,lane_off,lane,lane_role,lane_bucket,lane_safe,lane_mid,lane_off,is_roaming,carry_item_score,offlane_item_score,support_item_score
8744395141,dire,9600141.0,241519559,95,Troll Warlord,pos1,511,22112,594,630,0.0,0.0,4.0,1.0,28634,295,45.833153,1.0,0.6666666666666666,0.0,1.0,0.0,0.0,3.0,1.0,safe,1.0,0.0,0.0,False,1.0,0.6666666666666666,0.0
8744395141,dire,9600141.0,72393079,17,Storm Spirit,pos2,309,20132,474,591,1.0,1.0,1.0,12.0,37604,452,31.167212,0.0,0.6666666666666666,0.0,0.0,1.0,0.0,2.0,2.0,mid,0.0,1.0,0.0,False,0.0,0.6666666666666666,0.0
8744395141,dire,9600141.0,116249155,155,Largo,pos3,319,20663,513,705,1.0,0.0,5.0,0.0,26194,0,7.997946,0.0,1.0,0.0,0.0,0.0,1.0,1.0,3.0,off,0.0,0.0,1.0,False,0.0,1.0,0.0
8744395141,dire,9600141.0,115464954,27,Shadow Shaman,pos4,31,8762,256,306,11.0,19.0,5.0,0.0,7807,909,92.00168,0.0,1.0,1.0,0.0,0.0,1.0,1.0,3.0,off,0.0,0.0,1.0,True,0.0,1.0,1.0
8744395141,dire,9600141.0,349310876,50,Dazzle,pos5,74,10258,271,360,8.0,16.0,1.0,3.0,5376,0,19.266897,0.0,0.6666666666666666,1.0,1.0,0.0,0.0,3.0,1.0,safe,1.0,0.0,0.0,False,0.0,0.6666666666666666,1.0
8744395141,radiant,9928636.0,293731272,70,Ursa,pos1,597,37670,821,946,0.0,0.0,2.0,6.0,30382,12083,20.267044,1.0,1.0,0.0,1.0,0.0,0.0,1.0,1.0,safe,1.0,0.0,0.0,False,1.0,1.0,0.0
8744395141,radiant,9928636.0,40805086,28,Slardar,pos2,282,24861,573,872,1.0,0.0,1.0,16.0,34234,3817,64.99878,0.0,1.0,0.0,0.0,1.0,0.0,2.0,2.0,mid,0.0,1.0,0.0,False,0.0,1.0,0.0
8744395141,radiant,9928636.0,148612029,120,Pangolier,pos3,383,28751,652,1076,0.0,0.0,0.0,3.0,36921,2929,53.423016,0.6666666666666666,0.6666666666666666,0.0,0.0,0.0,1.0,3.0,3.0,off,0.0,0.0,1.0,False,0.6666666666666666,0.6666666666666666,0.0
8744395141,radiant,9928636.0,276449590,123,Hoodwink,pos4,111,16801,416,655,12.0,23.0,4.0,4.0,20500,403,60.133575,0.0,0.3333333333333333,0.6666666666666666,0.0,0.0,1.0,3.0,3.0,off,0.0,0.0,1.0,True,0.0,0.3333333333333333,0.6666666666666666
8744395141,radiant,9928636.0,1048617659,68,Ancient Apparition,pos5,47,18881,431,635,9.0,17.0,2.0,3.0,18909,248,54.40019,0.0,1.0,0.6666666666666666,1.0,0.0,0.0,1.0,1.0,safe,1.0,0.0,0.0,False,0.0,1.0,0.6666666666666666
8744476155,dire,9928636.0,293731272,63,Weaver,pos1,360,18589,558,593,0.0,0.0,0.0,2.0,19997,662,0.0,1.0,0.6666666666666666,0.0,1.0,0.0,0.0,3.0,1.0,safe,1.0,0.0,0.0,False,1.0,0.6666666666666666,0.0
8744476155,dire,9928636.0,40805086,16,Sand King,pos2,321,19731,570,764,0.0,2.0,2.0,6.0,20208,0,16.999952,0.0,0.6666666666666666,0.0,0.0,1.0,0.0,2.0,2.0,mid,0.0,1.0,0.0,False,0.0,0.6666666666666666,0.0
8744476155,dire,9928636.0,148612029,120,Pangolier,pos3,289,16678,534,783,0.0,0.0,2.0,1.0,13644,367,35.302887,0.6666666666666666,0.6666666666666666,0.0,0.0,0.0,1.0,1.0,3.0,off,0.0,0.0,1.0,False,0.6666666666666666,0.6666666666666666,0.0
8744476155,dire,9928636.0,1048617659,100,Tusk,pos4,62,8208,292,401,5.0,10.0,1.0,1.0,8763,74,27.100124,0.0,1.0,0.0,1.0,0.0,0.0,3.0,1.0,safe,1.0,0.0,0.0,False,0.0,1.0,0.0
8744476155,dire,9928636.0,276449590,119,Dark Willow,pos5,41,7139,237,264,12.0,21.0,8.0,8.0,11530,0,121.832436,0.0,0.0,0.0,0.0,1.0,0.0,2.0,2.0,mid,0.0,1.0,0.0,False,0.0,0.0,0.0
8744476155,radiant,9600141.0,241519559,48,Luna,pos1,498,30518,857,789,0.0,0.0,0.0,0.0,22776,34146,13.600418,1.0,0.6666666666666666,0.3333333333333333,1.0,0.0,0.0,1.0,1.0,safe,1.0,0.0,0.0,False,1.0,0.6666666666666666,0.3333333333333333
8744476155,radiant,9600141.0,72393079,126,Void Spirit,pos2,226,20961,566,797,1.0,3.0,1.0,12.0,27692,1871,17.5,0.0,0.0,0.0,0.0,1.0,0.0,2.0,2.0,mid,0.0,1.0,0.0,False,0.0,0.0,0.0
8744476155,radiant,9600141.0,116249155,155,Largo,pos3,260,20257,595,656,1.0,1.0,3.0,0.0,18155,252,7.830904,0.0,1.0,0.6666666666666666,0.0,0.0,1.0,3.0,3.0,off,0.0,0.0,1.0,False,0.0,1.0,0.6666666666666666
8744476155,radiant,9600141.0,115464954,121,Grimstroke,pos4,81,12366,426,622,5.0,16.0,5.0,3.0,17006,349,30.966679,0.0,1.0,0.0,0.0,0.0,1.0,3.0,3.0,off,0.0,0.0,1.0,False,0.0,1.0,0.0
8744476155,radiant,9600141.0,349310876,50,Dazzle,pos5,28,8410,296,440,9.0,11.0,3.0,5.0,4810,384,7.6996093,0.0,0.6666666666666666,0.6666666666666666,1.0,0.0,0.0,1.0,1.0,safe,1.0,0.0,0.0,False,0.0,0.6666666666666666,0.6666666666666666
8744516025,dire,9823272.0,171262902,38,Beastmaster,pos1,659,41884,956,1225,0.0,0.0,6.0,9.0,52554,11555,83.00049,0.6666666666666666,1.0,0.0,1.0,0.0,0.0,3.0,1.0,safe,1.0,0.0,0.0,False,0.6666666666666666,1.0,0.0
8744516025,dire,9823272.0,312436974,126,Void Spirit,pos2,385,33237,724,1015,1.0,1.0,0.0,15.0,48051,2752,20.499414,0.0,0.6666666666666666,0.6666666666666666,0.0,1.0,0.0,2.0,2.0,mid,0.0,1.0,0.0,False,0.0,0.6666666666666666,0.6666666666666666
8744516025,dire,9823272.0,195108598,108,Underlord,pos3,479,30761,700,1019,0.0,0.0,3.0,5.0,22156,10923,229.26741,0.0,1.0,0.0,0.0,0.0,1.0,1.0,3.0,off,0.0,0.0,1.0,False,0.0,1.0,0.0
8744516025,dire,9823272.0,93817671,64,Jakiro,pos4,75,17670,397,649,11.0,19.0,4.0,1.0,19576,4523,31.93325,0.0,1.0,0.6666666666666666,1.0,0.0,0.0,3.0,1.0,safe,1.0,0.0,0.0,False,0.0,1.0,0.6666666666666666
8744516025,dire,9823272.0,103735745,79,Shadow Demon,pos5,33,13600,344,659,11.0,23.0,13.0,5.0,25827,560,52.565918,0.0,0.6666666666666666,1.0,0.0,0.0,1.0,1.0,3.0,off,0.0,0.0,1.0,False,0.0,0.6666666666666666,1.0
8744516025,radiant,7119388.0,321580662,56,Clinkz,pos1,472,25464,546,678,1.0,0.0,4.0,2.0,22323,949,0.0,0.6666666666666666,0.0,0.0,1.0,0.0,0.0,1.0,1.0,safe,1.0,0.0,0.0,False,0.6666666666666666,0.0,0.0
8744516025,radiant,7119388.0,106305042,17,Storm Spirit,pos2,563,28843,702,985,2.0,0.0,2.0,6.0,33378,157,41.166504,0.0,1.0,0.0,0.0,1.0,0.0,2.0,2.0,mid,0.0,1.0,0.0,False,0.0,1.0,0.0
8744516025,radiant,7119388.0,302214028,96,Centaur Warrunner,pos3,367,20168,530,691,0.0,0.0,0.0,2.0,15906,180,39.700443,0.0,1.0,1.0,0.0,0.0,1.0,3.0,3.0,off,0.0,0.0,1.0,False,0.0,1.0,1.0
8744516025,radiant,7119388.0,847565596,123,Hoodwink,pos4,137,14760,392,579,8.0,14.0,7.0,1.0,21412,70,46.49921,0.6666666666666666,1.0,1.0,0.0,0.0,1.0,3.0,3.0,off,0.0,0.0,1.0,False,0.6666666666666666,1.0,1.0
8744516025,radiant,7119388.0,108958769,100,Tusk,pos5,89,11494,318,603,12.0,24.0,4.0,3.0,11711,0,34.867535,0.0,1.0,0.6666666666666666,1.0,0.0,0.0,1.0,1.0,safe,1.0,0.0,0.0,False,0.0,1.0,0.6666666666666666
8744541889,dire,9600141.0,241519559,15,Razor,pos1,421,20102,569,673,0.0,0.0,4.0,0.0,28827,721,0.0,1.0,0.6666666666666666,0.0,1.0,0.0,0.0,3.0,1.0,safe,1.0,0.0,0.0,False,1.0,0.6666666666666666,0.0
8744541889,dire,9600141.0,72393079,106,Ember Spirit,pos2,297,19693,526,763,1.0,1.0,1.0,14.0,36190,532,66.19841,0.0,0.6666666666666666,0.0,0.0,1.0,0.0,2.0,2.0,mid,0.0,1.0,0.0,False,0.0,0.6666666666666666,0.0
8744541889,dire,9600141.0,116249155,155,Largo,pos3,307,18408,531,552,0.0,0.0,6.0,0.0,29101,0,8.472199,0.0,1.0,0.0,0.0,0.0,1.0,1.0,3.0,off,0.0,0.0,1.0,False,0.0,1.0,0.0
8744541889,dire,9600141.0,115464954,136,Marci,pos4,77,8192,288,326,4.0,14.0,2.0,3.0,7894,186,40.80039,0.0,0.0,0.0,0.0,0.0,1.0,1.0,3.0,off,0.0,0.0,1.0,True,0.0,0.0,0.0
8744541889,dire,9600141.0,349310876,131,Ringmaster,pos5,48,11048,308,359,13.0,19.0,1.0,6.0,15247,190,51.01529,0.0,0.6666666666666666,0.6666666666666666,1.0,0.0,0.0,3.0,1.0,safe,1.0,0.0,0.0,False,0.0,0.6666666666666666,0.6666666666666666
8744541889,radiant,9928636.0,293731272,54,Lifestealer,pos1,419,33115,792,1050,0.0,0.0,2.0,1.0,41894,16446,19.200296,1.0,0.0,0.0,1.0,0.0,0.0,1.0,1.0,safe,1.0,0.0,0.0,False,1.0,0.0,0.0
8744541889,radiant,9928636.0,40805086,16,Sand King,pos2,357,24963,639,850,0.0,0.0,3.0,11.0,22979,0,30.799961,0.0,0.6666666666666666,0.0,0.0,1.0,0.0,2.0,2.0,mid,0.0,1.0,0.0,False,0.0,0.6666666666666666,0.0
8744541889,radiant,9928636.0,148612029,99,Bristleback,pos3,408,28336,726,1023,0.0,0.0,2.0,1.0,35244,15189,10.299741,0.6666666666666666,0.6666666666666666,0.6666666666666666,0.0,0.0,1.0,3.0,3.0,off,0.0,0.0,1.0,False,0.6666666666666666,0.6666666666666666,0.6666666666666666
8744541889,radiant,9928636.0,276449590,123,Hoodwink,pos4,62,9350,312,521,12.0,17.0,6.0,2.0,13888,254,46.600803,0.0,0.3333333333333333,0.6666666666666666,0.0,0.0,1.0,3.0,3.0,off,0.0,0.0,1.0,False,0.0,0.3333333333333333,0.6666666666666666
8744541889,radiant,9928636.0,1048617659,68,Ancient Apparition,pos5,44,12893,362,531,8.0,19.0,10.0,4.0,10868,60,5.9999905,0.0,0.3333333333333333,0.6666666666666666,1.0,0.0,0.0,1.0,1.0,safe,1.0,0.0,0.0,False,0.0,0.3333333333333333,0.6666666666666666
8744628933,dire,9823272.0,171262902,73,Alchemist,pos1,501,26429,821,702,0.0,0.0,8.0,3.0,23738,366,55.633827,1.0,1.0,0.0,1.0,0.0,0.0,3.0,1.0,safe,1.0,0.0,0.0,False,1.0,1.0,0.0
8744628933,dire,9823272.0,312436974,39,Queen of Pain,pos2,365,25634,552,853,1.0,0.0,1.0,11.0,59337,487,15.200274,0.0,0.6666666666666666,0.0,0.0,1.0,0.0,2.0,2.0,mid,0.0,1.0,0.0,False,0.0,0.6666666666666666,0.0
8744628933,dire,9823272.0,195108598,28,Slardar,pos3,326,19326,480,710,0.0,1.0,1.0,4.0,13999,0,34.19855,0.0,1.0,0.0,0.0,0.0,1.0,1.0,3.0,off,0.0,0.0,1.0,False,0.0,1.0,0.0
8744628933,dire,9823272.0,93817671,110,Phoenix,pos4,88,11260,312,341,9.0,15.0,17.0,2.0,20967,0,0.40014648,0.0,0.0,1.0,1.0,0.0,0.0,3.0,1.0,safe,1.0,0.0,0.0,False,0.0,0.0,1.0
8744628933,dire,9823272.0,103735745,136,Marci,pos5,53,7969,261,432,10.0,23.0,1.0,3.0,8688,171,48.967197,0.0,0.0,0.0,0.0,0.0,1.0,1.0,3.0,off,0.0,0.0,1.0,False,0.0,0.0,0.0
8744628933,radiant,7119388.0,321580662,138,Muerta,pos1,468,29890,719,1003,0.0,0.0,6.0,4.0,45743,13172,18.93302,1.0,0.6666666666666666,0.3333333333333333,1.0,0.0,0.0,1.0,1.0,safe,1.0,0.0,0.0,False,1.0,0.6666666666666666,0.3333333333333333
8744628933,radiant,7119388.0,106305042,17,Storm Spirit,pos2,336,22081,575,785,2.0,1.0,1.0,11.0,32201,2559,45.73326,0.0,0.6666666666666666,0.0,0.0,1.0,0.0,2.0,2.0,mid,0.0,1.0,0.0,False,0.0,0.6666666666666666,0.0
8744628933,radiant,7119388.0,302214028,29,Tidehunter,pos3,345,24266,627,700,0.0,0.0,0.0,5.0,31280,2804,43.60074,0.0,1.0,0.0,0.0,0.0,1.0,3.0,3.0,off,0.0,0.0,1.0,False,0.0,1.0,0.0
8744628933,radiant,7119388.0,847565596,90,Keeper of the Light,pos4,86,14441,358,511,4.0,11.0,9.0,2.0,11683,142,0.0,0.0,0.0,1.0,0.0,0.0,1.0,3.0,3.0,off,0.0,0.0,1.0,False,0.0,0.0,1.0
8744628933,radiant,7119388.0,108958769,83,Treant Protector,pos5,43,10625,311,516,13.0,23.0,0.0,0.0,5971,85,39.16622,0.0,1.0,1.0,1.0,0.0,0.0,1.0,1.0,safe,1.0,0.0,0.0,False,0.0,1.0,1.0
8744743926,dire,7119388.0,321580662,49,Dragon Knight,pos1,286,13393,433,556,1.0,0.0,3.0,2.0,11294,0,28.999218,0.0,0.6666666666666666,0.0,1.0,0.0,0.0,3.0,1.0,safe,1.0,0.0,0.0,False,0.0,0.6666666666666666,0.0
8744743926,dire,7119388.0,106305042,13,Puck,pos2,304,13507,483,654,2.0,0.0,4.0,7.0,18633,76,6.133301,0.0,0.6666666666666666,0.0,0.0,1.0,0.0,2.0,2.0,mid,0.0,1.0,0.0,False,0.0,0.6666666666666666,0.0
8744743926,dire,7119388.0,302214028,99,Bristleback,pos3,243,14172,439,507,1.0,0.0,0.0,1.0,15883,600,0.0,0.0,0.6666666666666666,0.6666666666666666,0.0,0.0,1.0,1.0,3.0,off,0.0,0.0,1.0,False,0.0,0.6666666666666666,0.6666666666666666
8744743926,dire,7119388.0,847565596,90,Keeper of the Light,pos4,111,9209,306,314,4.0,12.0,10.0,0.0,13379,0,0.0,0.0,0.0,1.0,0.0,0.0,1.0,1.0,3.0,off,0.0,0.0,1.0,False,0.0,0.0,1.0
8744743926,dire,7119388.0,108958769,37,Warlock,pos5,47,6263,242,257,6.0,19.0,4.0,1.0,8978,0,6.4332037,0.0,0.3333333333333333,1.0,1.0,0.0,0.0,3.0,1.0,safe,1.0,0.0,0.0,False,0.0,0.3333333333333333,1.0
8744743926,radiant,9823272.0,171262902,70,Ursa,pos1,404,26771,786,940,0.0,0.0,3.0,4.0,25266,8775,19.200577,1.0,1.0,0.0,1.0,0.0,0.0,1.0,1.0,safe,1.0,0.0,0.0,False,1.0,1.0,0.0
8744743926,radiant,9823272.0,312436974,126,Void Spirit,pos2,328,22781,697,897,2.0,1.0,0.0,14.0,27474,2771,0.0,0.0,0.6666666666666666,0.0,0.0,1.0,0.0,2.0,2.0,mid,0.0,1.0,0.0,False,0.0,0.6666666666666666,0.0
8744743926,radiant,9823272.0,195108598,28,Slardar,pos3,245,19122,585,901,0.0,0.0,0.0,1.0,17095,5151,39.399208,0.0,1.0,0.0,0.0,0.0,1.0,3.0,3.0,off,0.0,0.0,1.0,False,0.0,1.0,0.0
8744743926,radiant,9823272.0,93817671,64,Jakiro,pos4,83,14451,401,592,8.0,11.0,7.0,1.0,11297,5783,23.666832,0.0,0.6666666666666666,0.6666666666666666,1.0,0.0,0.0,1.0,1.0,safe,1.0,0.0,0.0,True,0.0,0.6666666666666666,0.6666666666666666
8744743926,radiant,9823272.0,103735745,79,Shadow Demon,pos5,35,11599,353,519,6.0,17.0,8.0,5.0,22055,561,43.833073,0.0,0.6666666666666666,0.6666666666666666,0.0,0.0,1.0,3.0,3.0,off,0.0,0.0,1.0,False,0.0,0.6666666666666666,0.6666666666666666
8744876410,dire,9467224.0,124801257,48,Luna,pos1,528,24245,720,767,1.0,0.0,2.0,2.0,15258,2406,14.532938,1.0,0.6666666666666666,0.3333333333333333,1.0,0.0,0.0,3.0,1.0,safe,1.0,0.0,0.0,False,1.0,0.6666666666666666,0.3333333333333333
8744876410,dire,9467224.0,301750126,126,Void Spirit,pos2,258,16643,473,506,2.0,1.0,3.0,7.0,15966,0,0.0,0.0,0.0,0.0,0.0,1.0,0.0,2.0,2.0,mid,0.0,1.0,0.0,False,0.0,0.0,0.0
8744876410,dire,9467224.0,126842529,78,Brewmaster,pos3,274,17600,529,593,0.0,0.0,2.0,3.0,11075,444,39.100098,0.0,1.0,0.0,0.0,0.0,1.0,1.0,3.0,off,0.0,0.0,1.0,False,0.0,1.0,0.0
8744876410,dire,9467224.0,320219866,110,Phoenix,pos4,96,7134,302,407,7.0,19.0,1.0,1.0,17084,459,14.666504,0.0,0.0,1.0,1.0,0.0,0.0,3.0,1.0,safe,1.0,0.0,0.0,False,0.0,0.0,1.0
8744876410,dire,9467224.0,256156323,86,Rubick,pos5,35,6428,239,357,7.0,11.0,6.0,1.0,8085,120,37.06622,0.0,1.0,0.6666666666666666,0.0,0.0,1.0,1.0,3.0,off,0.0,0.0,1.0,False,0.0,1.0,0.6666666666666666
8744876410,radiant,8291895.0,331855530,73,Alchemist,pos1,376,23261,856,802,0.0,0.0,12.0,4.0,16460,15801,30.300283,0.6666666666666666,1.0,0.0,1.0,0.0,0.0,1.0,1.0,safe,1.0,0.0,0.0,False,0.6666666666666666,1.0,0.0
8744876410,radiant,8291895.0,93618577,120,Pangolier,pos2,375,28788,703,914,3.0,1.0,2.0,14.0,31785,1278,22.117634,0.3333333333333333,0.6666666666666666,0.0,0.0,1.0,0.0,2.0,2.0,mid,0.0,1.0,0.0,False,0.3333333333333333,0.6666666666666666,0.0
8744876410,radiant,8291895.0,86698277,29,Tidehunter,pos3,276,22691,557,726,0.0,0.0,1.0,1.0,14013,3717,31.234364,0.0,1.0,0.0,0.0,0.0,1.0,3.0,3.0,off,0.0,0.0,1.0,False,0.0,1.0,0.0
8744876410,radiant,8291895.0,346412363,27,Shadow Shaman,pos4,60,10399,346,354,6.0,9.0,4.0,2.0,11462,1034,76.334145,0.0,0.6666666666666666,1.0,0.0,0.0,1.0,3.0,3.0,off,0.0,0.0,1.0,False,0.0,0.6666666666666666,1.0
8744876410,radiant,8291895.0,136829091,40,Venomancer,pos5,96,12312,382,453,7.0,22.0,2.0,3.0,16626,804,0.0,0.0,0.0,0.0,1.0,0.0,0.0,1.0,1.0,safe,1.0,0.0,0.0,False,0.0,0.0,0.0
8744971178,dire,8291895.0,331855530,73,Alchemist,pos1,537,32466,820,912,1.0,0.0,12.0,7.0,29060,6370,62.233532,1.0,1.0,0.6666666666666666,1.0,0.0,0.0,3.0,1.0,safe,1.0,0.0,0.0,False,1.0,1.0,0.6666666666666666
8744971178,dire,8291895.0,93618577,52,Leshrac,pos2,627,32797,758,1123,1.0,1.0,5.0,20.0,68076,9992,47.799065,0.0,1.0,0.0,0.0,1.0,0.0,2.0,2.0,mid,0.0,1.0,0.0,False,0.0,1.0,0.0
8744971178,dire,8291895.0,86698277,98,Timbersaw,pos3,561,37439,757,1105,0.0,0.0,5.0,1.0,29101,2814,15.166632,0.0,1.0,0.0,0.0,0.0,1.0,1.0,3.0,off,0.0,0.0,1.0,False,0.0,1.0,0.0
8744971178,dire,8291895.0,346412363,27,Shadow Shaman,pos4,107,17141,360,481,7.0,11.0,4.0,3.0,13759,5481,99.36802,0.0,1.0,1.0,0.0,0.0,1.0,1.0,3.0,off,0.0,0.0,1.0,True,0.0,1.0,1.0
8744971178,dire,8291895.0,136829091,40,Venomancer,pos5,140,14303,396,524,16.0,36.0,2.0,3.0,40884,165,0.0,0.0,0.0,1.0,0.0,1.0,0.0,2.0,2.0,mid,0.0,1.0,0.0,True,0.0,0.0,1.0
8744971178,radiant,9467224.0,124801257,72,Gyrocopter,pos1,743,44821,864,1010,0.0,0.0,2.0,1.0,67646,16641,41.99934,1.0,1.0,0.0,1.0,0.0,0.0,1.0,1.0,safe,1.0,0.0,0.0,False,1.0,1.0,0.0
8744971178,radiant,9467224.0,301750126,17,Storm Spirit,pos2,532,34628,691,1097,1.0,0.0,4.0,13.0,38648,4096,45.933266,0.0,0.6666666666666666,0.0,0.0,1.0,0.0,2.0,2.0,mid,0.0,1.0,0.0,False,0.0,0.6666666666666666,0.0
8744971178,radiant,9467224.0,126842529,129,Mars,pos3,365,23817,552,746,0.0,0.0,2.0,1.0,18512,601,72.100174,0.0,1.0,0.6666666666666666,0.0,0.0,1.0,3.0,3.0,off,0.0,0.0,1.0,False,0.0,1.0,0.6666666666666666
8744971178,radiant,9467224.0,256156323,123,Hoodwink,pos4,116,14093,348,636,9.0,14.0,6.0,4.0,18549,117,42.899185,0.0,0.0,1.0,0.0,1.0,0.0,2.0,2.0,mid,0.0,1.0,0.0,True,0.0,0.0,1.0
8744971178,radiant,9467224.0,320219866,110,Phoenix,pos5,140,15896,436,730,16.0,35.0,6.0,4.0,27139,873,35.5,0.0,0.0,0.6666666666666666,1.0,0.0,0.0,1.0,1.0,safe,1.0,0.0,0.0,False,0.0,0.0,0.6666666666666666
8745090204,dire,9467224.0,124801257,48,Luna,pos1,583,27557,680,673,0.0,0.0,0.0,0.0,20830,919,15.899589,1.0,0.6666666666666666,0.3333333333333333,1.0,0.0,0.0,3.0,1.0,safe,1.0,0.0,0.0,False,1.0,0.6666666666666666,0.3333333333333333
8745090204,dire,9467224.0,301750126,13,Puck,pos2,472,24998,609,721,1.0,1.0,1.0,16.0,25282,313,11.2,0.0,1.0,0.6666666666666666,0.0,1.0,0.0,2.0,2.0,mid,0.0,1.0,0.0,False,0.0,1.0,0.6666666666666666
8745090204,dire,9467224.0,126842529,78,Brewmaster,pos3,317,19496,512,579,0.0,0.0,2.0,5.0,9088,341,46.73342,0.0,1.0,0.6666666666666666,0.0,0.0,1.0,1.0,3.0,off,0.0,0.0,1.0,False,0.0,1.0,0.6666666666666666
8745090204,dire,9467224.0,320219866,64,Jakiro,pos4,75,8315,293,422,9.0,19.0,2.0,2.0,16241,2997,33.899193,0.0,0.6666666666666666,0.0,1.0,0.0,0.0,3.0,1.0,safe,1.0,0.0,0.0,False,0.0,0.6666666666666666,0.0
8745090204,dire,9467224.0,256156323,123,Hoodwink,pos5,117,10691,316,431,10.0,19.0,0.0,2.0,15073,0,62.833344,0.0,0.3333333333333333,0.6666666666666666,0.0,0.0,1.0,1.0,3.0,off,0.0,0.0,1.0,False,0.0,0.3333333333333333,0.6666666666666666
8745090204,radiant,8291895.0,331855530,73,Alchemist,pos1,521,29004,947,907,0.0,0.0,11.0,4.0,12449,21967,22.733583,1.0,1.0,0.0,1.0,0.0,0.0,1.0,1.0,safe,1.0,0.0,0.0,False,1.0,1.0,0.0
8745090204,radiant,8291895.0,93618577,16,Sand King,pos2,441,33801,714,999,2.0,2.0,5.0,11.0,29591,3405,43.299824,0.0,1.0,0.6666666666666666,0.0,1.0,0.0,2.0,2.0,mid,0.0,1.0,0.0,False,0.0,1.0,0.6666666666666666
8745090204,radiant,8291895.0,86698277,155,Largo,pos3,458,32439,675,941,0.0,0.0,2.0,1.0,18989,609,5.4651527,0.0,1.0,0.0,0.0,0.0,1.0,3.0,3.0,off,0.0,0.0,1.0,False,0.0,1.0,0.0
8745090204,radiant,8291895.0,136829091,26,Lion,pos4,43,13854,346,572,16.0,32.0,8.0,3.0,14304,1318,84.23294,0.0,0.6666666666666666,1.0,1.0,0.0,0.0,1.0,1.0,safe,1.0,0.0,0.0,True,0.0,0.6666666666666666,1.0
8745090204,radiant,8291895.0,346412363,100,Tusk,pos5,109,14544,375,659,3.0,5.0,2.0,2.0,9246,817,25.333326,0.0,1.0,0.0,0.0,0.0,1.0,3.0,3.0,off,0.0,0.0,1.0,False,0.0,1.0,0.0
8745739244,dire,5014799.0,1041276674,109,Terrorblade,pos1,802,43872,885,996,0.0,0.0,2.0,4.0,65639,15685,4.0,1.0,0.6666666666666666,0.0,1.0,0.0,0.0,3.0,1.0,safe,1.0,0.0,0.0,False,1.0,0.6666666666666666,0.0
8745739244,dire,5014799.0,127530803,120,Pangolier,pos2,425,24561,516,806,2.0,0.0,1.0,6.0,30845,977,51.053844,0.6666666666666666,1.0,0.6666666666666666,0.0,1.0,0.0,2.0,2.0,mid,0.0,1.0,0.0,False,0.6666666666666666,1.0,0.6666666666666666
8745739244,dire,5014799.0,158072796,23,Kunkka,pos3,432,26005,564,698,0.0,0.0,0.0,2.0,30282,1176,76.46714,0.0,1.0,0.3333333333333333,0.0,0.0,1.0,1.0,3.0,off,0.0,0.0,1.0,False,0.0,1.0,0.3333333333333333
8745739244,dire,5014799.0,114162163,27,Shadow Shaman,pos4,149,19023,396,571,9.0,19.0,1.0,2.0,13299,4952,151.73428,0.0,1.0,0.6666666666666666,0.0,0.0,1.0,1.0,3.0,off,0.0,0.0,1.0,False,0.0,1.0,0.6666666666666666
8745739244,dire,5014799.0,120840516,110,Phoenix,pos5,135,15537,380,574,16.0,32.0,2.0,5.0,27567,244,7.4674816,0.0,0.6666666666666666,1.0,1.0,0.0,0.0,3.0,1.0,safe,1.0,0.0,0.0,False,0.0,0.6666666666666666,1.0
8745739244,radiant,9600141.0,241519559,38,Beastmaster,pos1,610,32513,695,907,0.0,0.0,1.0,2.0,30341,4072,75.900024,0.0,1.0,0.0,1.0,0.0,0.0,1.0,1.0,safe,1.0,0.0,0.0,False,0.0,1.0,0.0
8745739244,radiant,9600141.0,72393079,126,Void Spirit,pos2,432,29460,599,640,2.0,1.0,0.0,22.0,39651,835,0.0,0.0,0.0,0.6666666666666666,0.0,1.0,0.0,2.0,2.0,mid,0.0,1.0,0.0,False,0.0,0.0,0.6666666666666666
8745739244,radiant,9600141.0,116249155,99,Bristleback,pos3,518,28129,656,975,0.0,0.0,1.0,4.0,21464,14072,3.2001657,0.0,1.0,0.6666666666666666,0.0,0.0,1.0,3.0,3.0,off,0.0,0.0,1.0,False,0.0,1.0,0.6666666666666666
8745739244,radiant,9600141.0,115464954,121,Grimstroke,pos4,133,18167,421,478,11.0,30.0,8.0,6.0,17789,5974,32.533257,0.0,1.0,0.6666666666666666,0.0,1.0,0.0,2.0,2.0,mid,0.0,1.0,0.0,True,0.0,1.0,0.6666666666666666
8745739244,radiant,9600141.0,349310876,131,Ringmaster,pos5,67,14564,333,421,14.0,19.0,1.0,4.0,14947,84,58.766026,0.0,0.6666666666666666,1.0,1.0,0.0,0.0,1.0,1.0,safe,1.0,0.0,0.0,False,0.0,0.6666666666666666,1.0
8745834843,dire,9338413.0,127617979,114,Monkey King,pos1,309,23739,728,843,0.0,0.0,0.0,4.0,23335,22056,24.999744,0.0,0.6666666666666666,0.0,1.0,0.0,0.0,3.0,1.0,safe,1.0,0.0,0.0,False,0.0,0.6666666666666666,0.0
8745834843,dire,9338413.0,116585378,16,Sand King,pos2,207,19860,615,781,0.0,1.0,0.0,11.0,32478,868,55.733704,0.0,1.0,0.0,0.0,1.0,0.0,2.0,2.0,mid,0.0,1.0,0.0,False,0.0,1.0,0.0
8745834843,dire,9338413.0,190826739,155,Largo,pos3,234,18929,581,745,0.0,1.0,2.0,2.0,13286,2058,6.795822,0.0,0.6666666666666666,0.0,0.0,0.0,1.0,1.0,3.0,off,0.0,0.0,1.0,False,0.0,0.6666666666666666,0.0
8745834843,dire,9338413.0,91730177,40,Venomancer,pos4,126,12617,423,497,4.0,13.0,5.0,1.0,17036,2357,0.0,0.0,1.0,1.0,1.0,0.0,0.0,3.0,1.0,safe,1.0,0.0,0.0,False,0.0,1.0,1.0
8745834843,dire,9338413.0,9403474,100,Tusk,pos5,50,9410,298,440,12.0,14.0,0.0,4.0,6467,122,18.933838,0.0,0.6666666666666666,0.6666666666666666,0.0,0.0,1.0,1.0,3.0,off,0.0,0.0,1.0,True,0.0,0.6666666666666666,0.6666666666666666
8745834843,radiant,8261500.0,898754153,54,Lifestealer,pos1,310,15904,527,671,0.0,0.0,3.0,2.0,12158,201,1.2000489,1.0,0.0,0.0,1.0,0.0,0.0,1.0,1.0,safe,1.0,0.0,0.0,False,1.0,0.0,0.0
8745834843,radiant,8261500.0,173978074,13,Puck,pos2,332,16039,530,658,2.0,0.0,0.0,8.0,16845,24,3.0,0.0,0.6666666666666666,0.0,0.0,1.0,0.0,2.0,2.0,mid,0.0,1.0,0.0,False,0.0,0.6666666666666666,0.0
8745834843,radiant,8261500.0,129958758,129,Mars,pos3,278,15526,512,612,0.0,0.0,1.0,0.0,12104,148,45.966267,0.0,1.0,0.0,0.0,0.0,1.0,3.0,3.0,off,0.0,0.0,1.0,False,0.0,1.0,0.0
8745834843,radiant,8261500.0,94296097,64,Jakiro,pos4,49,6724,257,278,9.0,25.0,2.0,1.0,9014,518,13.833496,0.0,0.3333333333333333,0.0,1.0,0.0,0.0,1.0,1.0,safe,1.0,0.0,0.0,False,0.0,0.3333333333333333,0.0
8745834843,radiant,8261500.0,101695162,51,Clockwerk,pos5,21,5887,220,232,4.0,3.0,2.0,1.0,11371,0,29.36663,0.0,0.3333333333333333,0.0,0.0,0.0,1.0,3.0,3.0,off,0.0,0.0,1.0,False,0.0,0.3333333333333333,0.0
8745841573,dire,5014799.0,1041276674,10,Morphling,pos1,570,26052,679,722,0.0,0.0,2.0,2.0,13896,1444,6.5335236,1.0,1.0,0.0,1.0,0.0,0.0,3.0,1.0,safe,1.0,0.0,0.0,False,1.0,1.0,0.0
8745841573,dire,5014799.0,127530803,28,Slardar,pos2,411,20561,550,794,2.0,0.0,2.0,15.0,10389,0,30.966053,0.0,1.0,0.0,0.0,1.0,0.0,2.0,2.0,mid,0.0,1.0,0.0,False,0.0,1.0,0.0
8745841573,dire,5014799.0,158072796,137,Primal Beast,pos3,365,15868,476,552,0.0,0.0,0.0,0.0,20520,268,41.498657,0.0,1.0,0.0,0.0,0.0,1.0,1.0,3.0,off,0.0,0.0,1.0,False,0.0,1.0,0.0
8745841573,dire,5014799.0,114162163,27,Shadow Shaman,pos4,70,11072,320,428,10.0,15.0,5.0,3.0,7775,781,54.334877,0.0,1.0,0.6666666666666666,0.0,0.0,1.0,1.0,3.0,off,0.0,0.0,1.0,True,0.0,1.0,0.6666666666666666
8745841573,dire,5014799.0,120840516,40,Venomancer,pos5,183,9875,358,399,8.0,26.0,4.0,0.0,24177,0,0.0,0.0,0.6666666666666666,0.0,1.0,0.0,0.0,3.0,1.0,safe,1.0,0.0,0.0,True,0.0,0.6666666666666666,0.0
8745841573,radiant,9600141.0,241519559,109,Terrorblade,pos1,628,33660,845,901,0.0,0.0,0.0,6.0,26978,22425,3.500442,1.0,0.0,0.0,1.0,0.0,0.0,1.0,1.0,safe,1.0,0.0,0.0,False,1.0,0.0,0.0
8745841573,radiant,9600141.0,72393079,39,Queen of Pain,pos2,345,26816,580,777,2.0,1.0,2.0,13.0,36110,3023,0.0,0.0,0.0,0.6666666666666666,0.0,1.0,0.0,2.0,2.0,mid,0.0,1.0,0.0,False,0.0,0.0,0.6666666666666666
8745841573,radiant,9600141.0,116249155,29,Tidehunter,pos3,287,23390,542,755,1.0,1.0,0.0,2.0,19077,2241,52.335873,0.0,1.0,0.6666666666666666,0.0,0.0,1.0,3.0,3.0,off,0.0,0.0,1.0,False,0.0,1.0,0.6666666666666666
8745841573,radiant,9600141.0,115464954,123,Hoodwink,pos4,82,17008,397,639,6.0,15.0,5.0,2.0,15332,0,52.533764,0.0,1.0,1.0,0.0,1.0,0.0,2.0,2.0,mid,0.0,1.0,0.0,False,0.0,1.0,1.0
8745841573,radiant,9600141.0,349310876,110,Phoenix,pos5,151,15224,424,577,12.0,20.0,0.0,4.0,15290,529,20.76651,0.0,0.6666666666666666,0.6666666666666666,1.0,0.0,0.0,1.0,1.0,safe,1.0,0.0,0.0,False,0.0,0.6666666666666666,0.6666666666666666
8745919736,dire,5014799.0,1041276674,48,Luna,pos1,336,14994,485,573,0.0,0.0,3.0,2.0,5949,126,8.100195,0.6666666666666666,0.6666666666666666,0.0,1.0,0.0,0.0,3.0,1.0,safe,1.0,0.0,0.0,False,0.6666666666666666,0.6666666666666666,0.0
8745919736,dire,5014799.0,127530803,126,Void Spirit,pos2,252,13797,431,507,1.0,1.0,0.0,7.0,9777,441,12.5,0.0,0.0,0.0,0.0,1.0,0.0,2.0,2.0,mid,0.0,1.0,0.0,False,0.0,0.0,0.0
8745919736,dire,5014799.0,158072796,120,Pangolier,pos3,265,16177,493,614,1.0,0.0,1.0,0.0,11574,31,11.534033,0.0,0.6666666666666666,0.0,0.0,0.0,1.0,1.0,3.0,off,0.0,0.0,1.0,False,0.0,0.6666666666666666,0.0
8745919736,dire,5014799.0,114162163,40,Venomancer,pos4,120,8906,308,322,6.0,10.0,5.0,2.0,12683,882,0.0,0.0,1.0,0.0,0.0,0.0,1.0,1.0,3.0,off,0.0,0.0,1.0,False,0.0,1.0,0.0
8745919736,dire,5014799.0,120840516,64,Jakiro,pos5,58,7027,270,331,9.0,22.0,2.0,1.0,11304,847,21.633179,0.0,0.0,0.0,1.0,0.0,0.0,3.0,1.0,safe,1.0,0.0,0.0,False,0.0,0.0,0.0
8745919736,radiant,9600141.0,241519559,41,Faceless Void,pos1,376,25137,717,953,0.0,0.0,3.0,4.0,18596,11716,11.133345,1.0,0.6666666666666666,0.0,1.0,0.0,0.0,1.0,1.0,safe,1.0,0.0,0.0,False,1.0,0.6666666666666666,0.0
8745919736,radiant,9600141.0,72393079,16,Sand King,pos2,286,22714,613,940,2.0,2.0,0.0,12.0,25765,987,45.899673,0.0,1.0,0.0,0.0,1.0,0.0,2.0,2.0,mid,0.0,1.0,0.0,False,0.0,1.0,0.0
8745919736,radiant,9600141.0,116249155,29,Tidehunter,pos3,304,21956,646,777,0.0,1.0,0.0,2.0,17105,7901,20.467674,0.0,1.0,0.0,0.0,0.0,1.0,3.0,3.0,off,0.0,0.0,1.0,False,0.0,1.0,0.0
8745919736,radiant,9600141.0,115464954,123,Hoodwink,pos4,44,12369,422,658,9.0,14.0,6.0,1.0,13610,49,33.86622,0.0,0.6666666666666666,1.0,0.0,0.0,1.0,3.0,3.0,off,0.0,0.0,1.0,False,0.0,0.6666666666666666,1.0
8745919736,radiant,9600141.0,349310876,110,Phoenix,pos5,139,14954,464,638,7.0,14.0,4.0,3.0,13295,173,10.0,0.0,0.6666666666666666,0.0,1.0,0.0,0.0,1.0,1.0,safe,1.0,0.0,0.0,False,0.0,0.6666666666666666,0.0
8745947296,dire,9338413.0,127617979,4,Bloodseeker,pos1,425,21189,564,671,1.0,0.0,5.0,3.0,25505,0,1.8668535,1.0,0.6666666666666666,0.0,1.0,0.0,0.0,3.0,1.0,safe,1.0,0.0,0.0,False,1.0,0.6666666666666666,0.0
8745947296,dire,9338413.0,116585378,106,Ember Spirit,pos2,320,21372,568,817,1.0,0.0,0.0,7.0,36517,1370,98.46543,0.6666666666666666,0.0,0.0,0.0,1.0,0.0,2.0,2.0,mid,0.0,1.0,0.0,False,0.6666666666666666,0.0,0.0
8745947296,dire,9338413.0,190826739,15,Razor,pos3,335,17449,504,704,0.0,0.0,0.0,1.0,17242,351,0.0,0.0,1.0,1.0,0.0,0.0,1.0,1.0,3.0,off,0.0,0.0,1.0,False,0.0,1.0,1.0
8745947296,dire,9338413.0,91730177,64,Jakiro,pos4,80,7401,275,390,6.0,19.0,6.0,2.0,12555,787,52.76648,0.0,0.3333333333333333,1.0,1.0,0.0,0.0,3.0,1.0,safe,1.0,0.0,0.0,False,0.0,0.3333333333333333,1.0
8745947296,dire,9338413.0,9403474,100,Tusk,pos5,71,8959,301,517,12.0,18.0,0.0,3.0,11004,30,38.467968,0.0,1.0,0.3333333333333333,0.0,0.0,1.0,1.0,3.0,off,0.0,0.0,1.0,False,0.0,1.0,0.3333333333333333
8745947296,radiant,8261500.0,898754153,63,Weaver,pos1,449,31451,819,1094,0.0,1.0,0.0,3.0,44729,16978,0.0,1.0,0.6666666666666666,0.3333333333333333,1.0,0.0,0.0,1.0,1.0,safe,1.0,0.0,0.0,False,1.0,0.6666666666666666,0.3333333333333333
8745947296,radiant,8261500.0,173978074,120,Pangolier,pos2,346,25459,641,895,1.0,0.0,2.0,10.0,24767,145,26.952984,0.6666666666666666,0.6666666666666666,0.0,0.0,1.0,0.0,2.0,2.0,mid,0.0,1.0,0.0,False,0.6666666666666666,0.6666666666666666,0.0
8745947296,radiant,8261500.0,129958758,78,Brewmaster,pos3,313,23578,638,723,0.0,0.0,1.0,2.0,15022,11737,50.566185,0.0,1.0,0.0,0.0,0.0,1.0,3.0,3.0,off,0.0,0.0,1.0,False,0.0,1.0,0.0
8745947296,radiant,8261500.0,101695162,119,Dark Willow,pos4,46,14706,397,714,7.0,10.0,2.0,10.0,16936,523,155.79964,0.0,0.6666666666666666,0.6666666666666666,0.0,0.0,1.0,3.0,3.0,off,0.0,0.0,1.0,False,0.0,0.6666666666666666,0.6666666666666666
8745947296,radiant,8261500.0,94296097,40,Venomancer,pos5,158,17708,466,559,12.0,26.0,4.0,4.0,25944,787,0.0,0.0,1.0,1.0,1.0,0.0,0.0,1.0,1.0,safe,1.0,0.0,0.0,False,0.0,1.0,1.0
8746039009,dire,9928636.0,293731272,73,Alchemist,pos1,821,41278,923,821,0.0,0.0,7.0,5.0,27290,2080,34.832054,1.0,1.0,0.0,1.0,0.0,0.0,3.0,1.0,safe,1.0,0.0,0.0,False,1.0,1.0,0.0
8746039009,dire,9928636.0,40805086,126,Void Spirit,pos2,594,31333,607,859,1.0,0.0,0.0,15.0,42225,2758,0.0,1.0,0.6666666666666666,0.0,0.0,1.0,0.0,2.0,2.0,mid,0.0,1.0,0.0,False,1.0,0.6666666666666666,0.0
8746039009,dire,9928636.0,148612029,69,Doom,pos3,425,29375,533,674,0.0,0.0,2.0,0.0,37711,434,44.66451,0.0,1.0,0.0,0.0,0.0,1.0,1.0,3.0,off,0.0,0.0,1.0,False,0.0,1.0,0.0
8746039009,dire,9928636.0,1048617659,40,Venomancer,pos4,355,17775,461,664,6.0,21.0,6.0,1.0,49056,180,6.2674375,0.0,1.0,1.0,1.0,0.0,0.0,3.0,1.0,safe,1.0,0.0,0.0,False,0.0,1.0,1.0
8746039009,dire,9928636.0,276449590,119,Dark Willow,pos5,41,10240,263,631,23.0,36.0,1.0,3.0,27018,0,278.7337,0.0,0.0,0.6666666666666666,0.0,0.0,1.0,1.0,3.0,off,0.0,0.0,1.0,False,0.0,0.0,0.6666666666666666
8746039009,radiant,9600141.0,241519559,70,Ursa,pos1,724,42754,846,1143,0.0,0.0,3.0,11.0,59162,11545,36.032135,1.0,1.0,0.0,1.0,0.0,0.0,1.0,1.0,safe,1.0,0.0,0.0,False,1.0,1.0,0.0
8746039009,radiant,9600141.0,72393079,16,Sand King,pos2,593,44934,781,1162,2.0,1.0,1.0,13.0,66999,2160,96.00426,1.0,1.0,0.0,0.0,1.0,0.0,2.0,2.0,mid,0.0,1.0,0.0,False,1.0,1.0,0.0
8746039009,radiant,9600141.0,116249155,108,Underlord,pos3,485,36937,667,964,0.0,0.0,2.0,2.0,33517,4538,309.46542,0.0,1.0,1.0,0.0,0.0,1.0,3.0,3.0,off,0.0,0.0,1.0,False,0.0,1.0,1.0
8746039009,radiant,9600141.0,115464954,131,Ringmaster,pos4,186,26414,509,912,10.0,27.0,9.0,4.0,35041,338,94.03114,0.0,0.6666666666666666,1.0,0.0,0.0,1.0,3.0,3.0,off,0.0,0.0,1.0,False,0.0,0.6666666666666666,1.0
8746039009,radiant,9600141.0,349310876,64,Jakiro,pos5,154,25142,447,810,18.0,20.0,3.0,11.0,18621,4978,87.635666,0.0,1.0,1.0,1.0,0.0,0.0,1.0,1.0,safe,1.0,0.0,0.0,False,0.0,1.0,1.0
8746052384,dire,9338413.0,127617979,42,Wraith King,pos1,574,26170,592,629,0.0,0.0,0.0,3.0,20538,408,36.599537,0.6666666666666666,1.0,0.0,1.0,0.0,0.0,3.0,1.0,safe,1.0,0.0,0.0,False,0.6666666666666666,1.0,0.0
8746052384,dire,9338413.0,116585378,74,Invoker,pos2,384,20323,486,574,0.0,1.0,2.0,1.0,30198,3143,43.900703,0.0,0.0,0.0,0.0,1.0,0.0,2.0,2.0,mid,0.0,1.0,0.0,False,0.0,0.0,0.0
8746052384,dire,9338413.0,190826739,29,Tidehunter,pos3,480,23114,536,581,0.0,0.0,0.0,6.0,17736,0,30.533272,0.0,1.0,0.0,0.0,0.0,1.0,1.0,3.0,off,0.0,0.0,1.0,False,0.0,1.0,0.0
8746052384,dire,9338413.0,9403474,88,Nyx Assassin,pos4,21,8817,253,369,9.0,14.0,2.0,8.0,15630,0,76.099205,0.0,1.0,0.6666666666666666,0.0,0.0,1.0,1.0,3.0,off,0.0,0.0,1.0,True,0.0,1.0,0.6666666666666666
8746052384,dire,9338413.0,91730177,31,Lich,pos5,100,8030,236,364,13.0,27.0,4.0,5.0,12416,0,8.799964,0.0,0.0,1.0,1.0,0.0,0.0,3.0,1.0,safe,1.0,0.0,0.0,True,0.0,0.0,1.0
8746052384,radiant,8261500.0,898754153,114,Monkey King,pos1,588,34246,743,940,0.0,0.0,0.0,4.0,36902,12102,33.63273,1.0,0.6666666666666666,0.0,1.0,0.0,0.0,1.0,1.0,safe,1.0,0.0,0.0,False,1.0,0.6666666666666666,0.0
8746052384,radiant,8261500.0,173978074,52,Leshrac,pos2,489,27149,679,780,2.0,1.0,4.0,14.0,37674,7594,24.298906,0.0,1.0,0.0,0.0,1.0,0.0,2.0,2.0,mid,0.0,1.0,0.0,False,0.0,1.0,0.0
8746052384,radiant,8261500.0,101695162,100,Tusk,pos3,50,16127,349,651,9.0,10.0,0.0,3.0,12838,278,42.90135,0.0,1.0,0.0,0.0,0.0,1.0,3.0,3.0,off,0.0,0.0,1.0,False,0.0,1.0,0.0
8746052384,radiant,8261500.0,129958758,78,Brewmaster,pos4,456,26870,612,768,0.0,0.0,1.0,4.0,17411,14864,91.2993,0.0,1.0,0.6666666666666666,0.0,0.0,1.0,3.0,3.0,off,0.0,0.0,1.0,False,0.0,1.0,0.6666666666666666
8746052384,radiant,8261500.0,94296097,50,Dazzle,pos5,60,13047,333,489,12.0,32.0,9.0,2.0,7259,138,14.766163,0.0,1.0,1.0,1.0,0.0,0.0,1.0,1.0,safe,1.0,0.0,0.0,False,0.0,1.0,1.0
8746211447,dire,9600141.0,241519559,138,Muerta,pos1,494,30452,810,976,0.0,0.0,0.0,5.0,51331,19284,28.033665,1.0,0.6666666666666666,0.3333333333333333,1.0,0.0,0.0,3.0,1.0,safe,1.0,0.0,0.0,False,1.0,0.6666666666666666,0.3333333333333333
8746211447,dire,9600141.0,72393079,16,Sand King,pos2,250,19499,478,800,1.0,1.0,0.0,10.0,21968,580,44.765923,0.0,1.0,0.0,0.0,1.0,0.0,2.0,2.0,mid,0.0,1.0,0.0,False,0.0,1.0,0.0
8746211447,dire,9600141.0,116249155,33,Enigma,pos3,269,23647,571,628,0.0,0.0,2.0,1.0,17708,3970,36.299965,0.0,1.0,0.0,0.0,0.0,1.0,1.0,3.0,off,0.0,0.0,1.0,False,0.0,1.0,0.0
8746211447,dire,9600141.0,349310876,40,Venomancer,pos4,204,20512,515,708,5.0,15.0,2.0,3.0,19675,1474,5.433297,0.0,0.6666666666666666,1.0,1.0,0.0,0.0,3.0,1.0,safe,1.0,0.0,0.0,False,0.0,0.6666666666666666,1.0
8746211447,dire,9600141.0,115464954,131,Ringmaster,pos5,69,16109,438,766,15.0,23.0,3.0,1.0,16436,570,45.23269,0.0,0.3333333333333333,1.0,0.0,0.0,1.0,1.0,3.0,off,0.0,0.0,1.0,False,0.0,0.3333333333333333,1.0
8746211447,radiant,9928636.0,293731272,70,Ursa,pos1,465,24500,613,799,0.0,0.0,1.0,3.0,13128,0,6.6665525,1.0,1.0,0.0,1.0,0.0,0.0,1.0,1.0,safe,1.0,0.0,0.0,False,1.0,1.0,0.0
8746211447,radiant,9928636.0,40805086,106,Ember Spirit,pos2,445,22781,653,843,1.0,1.0,1.0,11.0,29343,742,29.89976,0.0,0.6666666666666666,0.0,0.0,1.0,0.0,2.0,2.0,mid,0.0,1.0,0.0,False,0.0,0.6666666666666666,0.0
8746211447,radiant,9928636.0,148612029,99,Bristleback,pos3,396,19233,536,726,0.0,0.0,3.0,4.0,11128,1008,2.9668553,0.0,1.0,0.6666666666666666,0.0,0.0,1.0,3.0,3.0,off,0.0,0.0,1.0,False,0.0,1.0,0.6666666666666666
8746211447,radiant,9928636.0,1048617659,45,Pugna,pos4,114,11677,363,453,7.0,16.0,1.0,1.0,23701,2720,0.0,0.0,0.3333333333333333,1.0,1.0,0.0,0.0,1.0,1.0,safe,1.0,0.0,0.0,False,0.0,0.3333333333333333,1.0
8746211447,radiant,9928636.0,276449590,26,Lion,pos5,43,8823,255,335,11.0,21.0,3.0,5.0,9413,0,101.46771,0.0,0.6666666666666666,0.6666666666666666,0.0,0.0,1.0,3.0,3.0,off,0.0,0.0,1.0,True,0.0,0.6666666666666666,0.6666666666666666
8746216605,dire,9247354.0,100058342,48,Luna,pos1,401,18076,560,631,0.0,0.0,4.0,2.0,5278,560,8.533056,0.6666666666666666,0.6666666666666666,0.0,1.0,0.0,0.0,3.0,1.0,safe,1.0,0.0,0.0,False,0.6666666666666666,0.6666666666666666,0.0
8746216605,dire,9247354.0,898455820,16,Sand King,pos2,248,12937,454,480,1.0,2.0,1.0,10.0,14128,66,56.399082,0.0,0.6666666666666666,0.0,0.0,1.0,0.0,2.0,2.0,mid,0.0,1.0,0.0,False,0.0,0.6666666666666666,0.0
8746216605,dire,9247354.0,183719386,47,Viper,pos3,274,14954,469,565,0.0,0.0,3.0,0.0,14815,280,0.0,1.0,0.0,0.3333333333333333,0.0,0.0,1.0,1.0,3.0,off,0.0,0.0,1.0,False,1.0,0.0,0.3333333333333333
8746216605,dire,9247354.0,10366616,40,Venomancer,pos4,125,7732,334,375,9.0,21.0,2.0,2.0,14908,236,0.0,0.0,0.0,0.6666666666666666,1.0,0.0,0.0,3.0,1.0,safe,1.0,0.0,0.0,False,0.0,0.0,0.6666666666666666
8746216605,dire,9247354.0,25907144,107,Earth Spirit,pos5,56,7027,250,319,5.0,8.0,3.0,2.0,4320,0,24.866693,0.0,0.6666666666666666,0.6666666666666666,0.0,0.0,1.0,1.0,3.0,off,0.0,0.0,1.0,False,0.0,0.6666666666666666,0.6666666666666666
8746216605,radiant,9572001.0,1044002267,89,Naga Siren,pos1,614,34022,995,835,0.0,0.0,2.0,5.0,33481,8937,46.002815,1.0,0.0,0.0,1.0,0.0,0.0,1.0,1.0,safe,1.0,0.0,0.0,False,1.0,0.0,0.0
8746216605,radiant,9572001.0,106573901,52,Leshrac,pos2,404,27539,799,804,1.0,1.0,0.0,11.0,30634,17259,20.765896,0.0,1.0,0.0,0.0,1.0,0.0,2.0,2.0,mid,0.0,1.0,0.0,False,0.0,1.0,0.0
8746216605,radiant,9572001.0,402583877,29,Tidehunter,pos3,239,17479,528,784,0.0,1.0,2.0,0.0,12706,494,27.933592,0.0,1.0,0.6666666666666666,0.0,0.0,1.0,3.0,3.0,off,0.0,0.0,1.0,False,0.0,1.0,0.6666666666666666
8746216605,radiant,9572001.0,164199202,91,Io,pos4,104,13932,388,551,3.0,10.0,3.0,3.0,6924,405,0.0,0.0,0.6666666666666666,0.6666666666666666,0.0,0.0,1.0,3.0,3.0,off,0.0,0.0,1.0,False,0.0,0.6666666666666666,0.6666666666666666
8746216605,radiant,9572001.0,73401082,68,Ancient Apparition,pos5,33,10621,300,353,11.0,18.0,7.0,2.0,6814,72,9.833155,0.0,0.3333333333333333,0.6666666666666666,1.0,0.0,0.0,1.0,1.0,safe,1.0,0.0,0.0,True,0.0,0.3333333333333333,0.6666666666666666
8746310653,dire,9928636.0,293731272,93,Slark,pos1,260,19730,619,817,0.0,0.0,1.0,4.0,18011,3454,0.0,0.6666666666666666,0.6666666666666666,0.0,1.0,0.0,0.0,3.0,1.0,safe,1.0,0.0,0.0,False,0.6666666666666666,0.6666666666666666,0.0
8746310653,dire,9928636.0,40805086,90,Keeper of the Light,pos2,314,21406,666,737,2.0,1.0,2.0,4.0,25958,111,0.0,0.0,0.0,0.6666666666666666,0.0,1.0,0.0,2.0,2.0,mid,0.0,1.0,0.0,False,0.0,0.0,0.6666666666666666
8746310653,dire,9928636.0,148612029,120,Pangolier,pos3,281,18140,582,785,0.0,0.0,2.0,7.0,11051,1775,15.283592,0.6666666666666666,0.6666666666666666,0.0,0.0,0.0,1.0,1.0,3.0,off,0.0,0.0,1.0,False,0.6666666666666666,0.6666666666666666,0.0
8746310653,dire,9928636.0,1048617659,50,Dazzle,pos4,56,10981,333,518,3.0,10.0,1.0,3.0,4090,486,11.133814,0.0,0.6666666666666666,0.6666666666666666,1.0,0.0,0.0,3.0,1.0,safe,1.0,0.0,0.0,False,0.0,0.6666666666666666,0.6666666666666666
8746310653,dire,9928636.0,276449590,88,Nyx Assassin,pos5,20,7634,295,453,10.0,16.0,4.0,4.0,10901,0,52.666824,0.0,0.6666666666666666,0.0,0.0,1.0,0.0,2.0,2.0,mid,0.0,1.0,0.0,False,0.0,0.6666666666666666,0.0
8746310653,radiant,9600141.0,241519559,138,Muerta,pos1,320,13738,482,568,0.0,0.0,2.0,1.0,11537,0,13.933642,1.0,0.0,0.3333333333333333,1.0,0.0,0.0,1.0,1.0,safe,1.0,0.0,0.0,False,1.0,0.0,0.3333333333333333
8746310653,radiant,9600141.0,72393079,137,Primal Beast,pos2,180,10548,342,407,1.0,0.0,0.0,4.0,4576,224,16.966677,0.0,1.0,0.0,0.0,1.0,0.0,2.0,2.0,mid,0.0,1.0,0.0,False,0.0,1.0,0.0
8746310653,radiant,9600141.0,116249155,99,Bristleback,pos3,244,11753,408,500,0.0,0.0,3.0,0.0,20427,0,0.0,0.0,0.6666666666666666,0.0,0.0,0.0,1.0,3.0,3.0,off,0.0,0.0,1.0,False,0.0,0.6666666666666666,0.0
8746310653,radiant,9600141.0,115464954,123,Hoodwink,pos4,49,5380,239,286,4.0,15.0,5.0,1.0,8035,123,25.6333,0.0,0.3333333333333333,0.0,0.0,1.0,0.0,2.0,2.0,mid,0.0,1.0,0.0,True,0.0,0.3333333333333333,0.0
8746310653,radiant,9600141.0,349310876,64,Jakiro,pos5,31,5551,214,219,11.0,15.0,1.0,4.0,5816,148,10.966675,0.0,0.3333333333333333,0.6666666666666666,1.0,0.0,0.0,1.0,1.0,safe,1.0,0.0,0.0,False,0.0,0.3333333333333333,0.6666666666666666
8746313247,dire,9572001.0,1044002267,61,Broodmother,pos1,372,25561,816,881,0.0,0.0,0.0,2.0,28072,12431,0.0,1.0,0.6666666666666666,0.0,1.0,0.0,0.0,3.0,1.0,safe,1.0,0.0,0.0,False,1.0,0.6666666666666666,0.0
8746313247,dire,9572001.0,106573901,52,Leshrac,pos2,273,20069,651,730,1.0,0.0,5.0,10.0,21702,8037,9.765919,0.0,0.3333333333333333,0.3333333333333333,0.0,1.0,0.0,2.0,2.0,mid,0.0,1.0,0.0,False,0.0,0.3333333333333333,0.3333333333333333
8746313247,dire,9572001.0,402583877,108,Underlord,pos3,215,17357,591,750,0.0,0.0,2.0,4.0,14893,3129,117.79932,0.0,1.0,0.6666666666666666,0.0,0.0,1.0,1.0,3.0,off,0.0,0.0,1.0,False,0.0,1.0,0.6666666666666666
8746313247,dire,9572001.0,73401082,40,Venomancer,pos4,76,11028,379,504,5.0,12.0,1.0,3.0,15830,1090,0.0,0.0,0.3333333333333333,0.6666666666666666,1.0,0.0,0.0,3.0,1.0,safe,1.0,0.0,0.0,False,0.0,0.3333333333333333,0.6666666666666666
8746313247,dire,9572001.0,164199202,86,Rubick,pos5,77,12361,413,487,8.0,16.0,1.0,2.0,12033,168,26.9994,0.0,1.0,1.0,0.0,0.0,1.0,1.0,3.0,off,0.0,0.0,1.0,False,0.0,1.0,1.0
8746313247,radiant,9247354.0,100058342,56,Clinkz,pos1,262,15311,504,650,0.0,0.0,2.0,5.0,21203,0,0.0,1.0,0.0,0.0,1.0,0.0,0.0,1.0,1.0,safe,1.0,0.0,0.0,False,1.0,0.0,0.0
8746313247,radiant,9247354.0,898455820,43,Death Prophet,pos2,328,14115,514,527,2.0,0.0,0.0,6.0,16268,3717,0.0,0.0,0.6666666666666666,0.0,0.0,1.0,0.0,2.0,2.0,mid,0.0,1.0,0.0,False,0.0,0.6666666666666666,0.0
8746313247,radiant,9247354.0,183719386,126,Void Spirit,pos3,325,12478,429,529,0.0,0.0,1.0,0.0,14341,0,7.5,0.0,0.0,0.0,0.0,0.0,1.0,3.0,3.0,off,0.0,0.0,1.0,False,0.0,0.0,0.0
8746313247,radiant,9247354.0,25907144,100,Tusk,pos4,45,6229,232,377,4.0,11.0,2.0,1.0,5508,326,19.899906,0.0,0.6666666666666666,0.0,0.0,0.0,1.0,3.0,3.0,off,0.0,0.0,1.0,True,0.0,0.6666666666666666,0.0
8746313247,radiant,9247354.0,10366616,110,Phoenix,pos5,130,6801,307,290,9.0,18.0,3.0,1.0,13830,0,0.0,0.0,0.0,0.0,1.0,0.0,0.0,1.0,1.0,safe,1.0,0.0,0.0,False,0.0,0.0,0.0
8746401916,dire,9600141.0,241519559,69,Doom,pos1,472,31697,753,1075,0.0,0.0,5.0,7.0,76029,1729,33.835285,1.0,0.6666666666666666,0.0,1.0,0.0,0.0,3.0,1.0,safe,1.0,0.0,0.0,False,1.0,0.6666666666666666,0.0
8746401916,dire,9600141.0,72393079,74,Invoker,pos2,293,21082,481,543,1.0,1.0,0.0,4.0,49066,1031,107.764175,0.0,0.0,0.0,0.0,1.0,0.0,2.0,2.0,mid,0.0,1.0,0.0,False,0.0,0.0,0.0
8746401916,dire,9600141.0,116249155,29,Tidehunter,pos3,577,27052,612,923,0.0,0.0,2.0,4.0,54171,784,84.00125,0.0,1.0,0.0,0.0,0.0,1.0,1.0,3.0,off,0.0,0.0,1.0,False,0.0,1.0,0.0
8746401916,dire,9600141.0,115464954,27,Shadow Shaman,pos4,86,11572,337,515,12.0,25.0,3.0,5.0,21958,2460,117.90092,0.0,1.0,0.6666666666666666,0.0,0.0,1.0,1.0,3.0,off,0.0,0.0,1.0,True,0.0,1.0,0.6666666666666666
8746401916,dire,9600141.0,349310876,40,Venomancer,pos5,231,17483,458,440,10.0,22.0,2.0,5.0,35418,681,1.6332031,0.0,1.0,1.0,1.0,0.0,0.0,3.0,1.0,safe,1.0,0.0,0.0,False,0.0,1.0,1.0
8746401916,radiant,9928636.0,293731272,42,Wraith King,pos1,504,30237,666,985,0.0,0.0,2.0,8.0,59972,5981,71.48367,1.0,0.6666666666666666,0.0,1.0,0.0,0.0,1.0,1.0,safe,1.0,0.0,0.0,False,1.0,0.6666666666666666,0.0
8746401916,radiant,9928636.0,40805086,15,Razor,pos2,503,33745,750,1234,2.0,0.0,0.0,10.0,61795,7921,0.0,0.6666666666666666,1.0,0.6666666666666666,0.0,1.0,0.0,2.0,2.0,mid,0.0,1.0,0.0,False,0.6666666666666666,1.0,0.6666666666666666
8746401916,radiant,9928636.0,148612029,65,Batrider,pos3,486,31595,703,1095,0.0,0.0,8.0,6.0,47434,11260,112.46595,1.0,1.0,0.3333333333333333,0.0,0.0,1.0,3.0,3.0,off,0.0,0.0,1.0,False,1.0,1.0,0.3333333333333333
8746401916,radiant,9928636.0,1048617659,64,Jakiro,pos4,112,17394,441,715,13.0,25.0,0.0,2.0,24074,3317,89.364426,0.0,1.0,0.6666666666666666,1.0,0.0,0.0,1.0,1.0,safe,1.0,0.0,0.0,True,0.0,1.0,0.6666666666666666
8746401916,radiant,9928636.0,276449590,131,Ringmaster,pos5,92,13377,348,700,9.0,23.0,8.0,1.0,28010,112,44.367195,0.0,1.0,1.0,0.0,1.0,0.0,2.0,2.0,mid,0.0,1.0,0.0,True,0.0,1.0,1.0
8746446635,dire,7119388.0,321580662,73,Alchemist,pos1,565,30578,1036,1045,1.0,0.0,6.0,4.0,21127,17653,23.933292,1.0,1.0,0.0,1.0,0.0,0.0,3.0,1.0,safe,1.0,0.0,0.0,False,1.0,1.0,0.0
8746446635,dire,7119388.0,106305042,28,Slardar,pos2,301,24929,547,724,3.0,1.0,3.0,11.0,18261,1244,29.498968,0.0,1.0,0.0,0.0,1.0,0.0,2.0,2.0,mid,0.0,1.0,0.0,False,0.0,1.0,0.0
8746446635,dire,7119388.0,302214028,137,Primal Beast,pos3,430,30299,638,978,0.0,0.0,4.0,4.0,26167,1108,33.834896,0.0,1.0,0.3333333333333333,0.0,0.0,1.0,1.0,3.0,off,0.0,0.0,1.0,False,0.0,1.0,0.3333333333333333
8746446635,dire,7119388.0,847565596,26,Lion,pos4,28,12071,341,449,8.0,15.0,7.0,1.0,8084,113,66.134155,0.0,0.6666666666666666,0.6666666666666666,0.0,0.0,1.0,1.0,3.0,off,0.0,0.0,1.0,True,0.0,0.6666666666666666,0.6666666666666666
8746446635,dire,7119388.0,108958769,64,Jakiro,pos5,55,18434,337,478,8.0,18.0,4.0,3.0,14527,1824,32.667114,0.0,1.0,0.6666666666666666,1.0,0.0,0.0,3.0,1.0,safe,1.0,0.0,0.0,True,0.0,1.0,0.6666666666666666
8746446635,radiant,8261500.0,898754153,72,Gyrocopter,pos1,479,25527,655,710,0.0,0.0,3.0,2.0,36042,2987,22.967104,1.0,0.6666666666666666,0.0,1.0,0.0,0.0,1.0,1.0,safe,1.0,0.0,0.0,False,1.0,0.6666666666666666,0.0
8746446635,radiant,8261500.0,173978074,13,Puck,pos2,355,19953,513,612,1.0,1.0,1.0,10.0,16887,666,6.0,0.0,1.0,0.0,0.0,1.0,0.0,2.0,2.0,mid,0.0,1.0,0.0,False,0.0,1.0,0.0
8746446635,radiant,8261500.0,129958758,129,Mars,pos3,288,16841,447,611,0.0,0.0,3.0,2.0,13147,138,36.50079,0.0,1.0,0.0,0.0,0.0,1.0,3.0,3.0,off,0.0,0.0,1.0,False,0.0,1.0,0.0
8746446635,radiant,8261500.0,101695162,100,Tusk,pos4,65,12645,305,451,9.0,7.0,3.0,6.0,8613,156,35.934067,0.0,1.0,0.0,0.0,0.0,1.0,3.0,3.0,off,0.0,0.0,1.0,True,0.0,1.0,0.0
8746446635,radiant,8261500.0,94296097,110,Phoenix,pos5,89,8742,320,409,10.0,29.0,7.0,3.0,15853,326,0.0,0.0,0.0,1.0,1.0,0.0,0.0,1.0,1.0,safe,1.0,0.0,0.0,False,0.0,0.0,1.0
8746511263,dire,9928636.0,293731272,48,Luna,pos1,567,22213,633,672,0.0,0.0,3.0,4.0,18702,1175,9.600367,1.0,0.6666666666666666,0.0,1.0,0.0,0.0,3.0,1.0,safe,1.0,0.0,0.0,False,1.0,0.6666666666666666,0.0
8746511263,dire,9928636.0,40805086,52,Leshrac,pos2,404,19730,565,905,0.0,0.0,4.0,6.0,14963,190,9.766574,0.0,1.0,1.0,0.0,1.0,0.0,2.0,2.0,mid,0.0,1.0,0.0,False,0.0,1.0,1.0
8746511263,dire,9928636.0,148612029,120,Pangolier,pos3,295,17694,508,721,0.0,0.0,3.0,2.0,17910,0,25.85274,0.6666666666666666,0.6666666666666666,0.0,0.0,0.0,1.0,1.0,3.0,off,0.0,0.0,1.0,False,0.6666666666666666,0.6666666666666666,0.0
8746511263,dire,9928636.0,276449590,123,Hoodwink,pos4,78,8799,292,400,10.0,19.0,11.0,2.0,13135,0,31.966707,0.0,0.3333333333333333,1.0,0.0,0.0,1.0,1.0,3.0,off,0.0,0.0,1.0,False,0.0,0.3333333333333333,1.0
8746511263,dire,9928636.0,1048617659,85,Undying,pos5,86,8359,291,316,10.0,18.0,2.0,2.0,6946,0,0.0,0.0,1.0,1.0,1.0,0.0,0.0,3.0,1.0,safe,1.0,0.0,0.0,False,0.0,1.0,1.0
8746511263,radiant,9600141.0,241519559,73,Alchemist,pos1,576,34185,1079,1292,0.0,0.0,7.0,7.0,24388,11953,51.767338,1.0,1.0,0.0,1.0,0.0,0.0,1.0,1.0,safe,1.0,0.0,0.0,False,1.0,1.0,0.0
8746511263,radiant,9600141.0,72393079,106,Ember Spirit,pos2,323,30068,656,989,1.0,2.0,0.0,14.0,33523,3876,72.13191,0.0,1.0,0.0,0.0,1.0,0.0,2.0,2.0,mid,0.0,1.0,0.0,False,0.0,1.0,0.0
8746511263,radiant,9600141.0,116249155,69,Doom,pos3,270,23080,689,775,0.0,0.0,2.0,3.0,21928,8035,21.964092,0.6666666666666666,1.0,0.0,0.0,0.0,1.0,3.0,3.0,off,0.0,0.0,1.0,False,0.6666666666666666,1.0,0.0
8746511263,radiant,9600141.0,115464954,131,Ringmaster,pos4,57,10797,361,572,9.0,14.0,4.0,0.0,12193,138,29.300562,0.0,1.0,1.0,0.0,0.0,1.0,3.0,3.0,off,0.0,0.0,1.0,False,0.0,1.0,1.0
8746511263,radiant,9600141.0,349310876,87,Disruptor,pos5,42,17058,388,459,10.0,20.0,0.0,0.0,12548,288,0.0,0.0,1.0,0.6666666666666666,1.0,0.0,0.0,1.0,1.0,safe,1.0,0.0,0.0,False,0.0,1.0,0.6666666666666666
8746557862,dire,7119388.0,321580662,54,Lifestealer,pos1,337,18824,486,605,0.0,0.0,2.0,1.0,16407,1782,0.0,1.0,0.0,0.0,1.0,0.0,0.0,3.0,1.0,safe,1.0,0.0,0.0,False,1.0,0.0,0.0
8746557862,dire,7119388.0,106305042,35,Sniper,pos2,364,19697,516,511,1.0,0.0,0.0,3.0,15983,1132,4.568006,1.0,0.0,0.3333333333333333,0.0,1.0,0.0,2.0,2.0,mid,0.0,1.0,0.0,False,1.0,0.0,0.3333333333333333
8746557862,dire,7119388.0,302214028,129,Mars,pos3,336,17782,453,530,1.0,1.0,2.0,1.0,9071,354,61.633663,0.0,0.6666666666666666,0.0,0.0,0.0,1.0,1.0,3.0,off,0.0,0.0,1.0,False,0.0,0.6666666666666666,0.0
8746557862,dire,7119388.0,847565596,119,Dark Willow,pos4,30,9048,284,332,8.0,17.0,4.0,8.0,12850,0,129.43361,0.0,0.0,0.0,0.0,0.0,1.0,1.0,3.0,off,0.0,0.0,1.0,False,0.0,0.0,0.0
8746557862,dire,7119388.0,108958769,68,Ancient Apparition,pos5,61,9357,278,355,10.0,19.0,7.0,2.0,9285,28,21.366627,0.0,1.0,0.6666666666666666,0.0,0.0,0.0,5.0,4.0,unknown,0.0,0.0,0.0,True,0.0,1.0,0.6666666666666666
8746557862,radiant,8261500.0,898754153,67,Spectre,pos1,429,28716,706,787,0.0,1.0,4.0,1.0,37301,10290,0.0,1.0,0.0,0.0,1.0,0.0,0.0,1.0,1.0,safe,1.0,0.0,0.0,False,1.0,0.0,0.0
8746557862,radiant,8261500.0,173978074,52,Leshrac,pos2,344,25959,652,787,2.0,1.0,3.0,17.0,21785,9685,13.566111,0.0,1.0,0.0,0.0,1.0,0.0,2.0,2.0,mid,0.0,1.0,0.0,False,0.0,1.0,0.0
8746557862,radiant,8261500.0,129958758,78,Brewmaster,pos3,305,26048,640,799,0.0,0.0,0.0,1.0,13907,11556,69.24956,0.0,1.0,0.0,0.0,0.0,1.0,3.0,3.0,off,0.0,0.0,1.0,False,0.0,1.0,0.0
8746557862,radiant,8261500.0,101695162,71,Spirit Breaker,pos4,130,17891,446,652,5.0,7.0,6.0,5.0,16969,655,75.30071,0.0,1.0,0.0,0.0,0.0,1.0,3.0,3.0,off,0.0,0.0,1.0,True,0.0,1.0,0.0
8746557862,radiant,8261500.0,94296097,50,Dazzle,pos5,51,12607,339,453,13.0,29.0,5.0,4.0,5280,157,5.166943,0.0,0.6666666666666666,1.0,1.0,0.0,0.0,1.0,1.0,safe,1.0,0.0,0.0,False,0.0,0.6666666666666666,1.0
8746649774,dire,7119388.0,321580662,10,Morphling,pos1,1001,45141,784,887,1.0,1.0,3.0,4.0,31455,11587,37.566906,1.0,1.0,0.0,1.0,0.0,0.0,3.0,1.0,safe,1.0,0.0,0.0,False,1.0,1.0,0.0
8746649774,dire,7119388.0,106305042,126,Void Spirit,pos2,613,28305,548,606,1.0,2.0,0.0,10.0,26602,6,0.0,0.6666666666666666,0.6666666666666666,0.0,0.0,1.0,0.0,2.0,2.0,mid,0.0,1.0,0.0,False,0.6666666666666666,0.6666666666666666,0.0
8746649774,dire,7119388.0,302214028,120,Pangolier,pos3,905,35382,670,889,0.0,0.0,3.0,8.0,27429,99,71.53387,0.6666666666666666,1.0,1.0,0.0,0.0,1.0,1.0,3.0,off,0.0,0.0,1.0,False,0.6666666666666666,1.0,1.0
8746649774,dire,7119388.0,108958769,110,Phoenix,pos4,241,19883,416,629,8.0,23.0,5.0,3.0,26758,140,6.700098,0.0,1.0,0.6666666666666666,1.0,0.0,0.0,3.0,1.0,safe,1.0,0.0,0.0,True,0.0,1.0,0.6666666666666666
8746649774,dire,7119388.0,847565596,26,Lion,pos5,23,10371,264,609,24.0,37.0,2.0,2.0,20065,161,120.76706,0.0,0.6666666666666666,0.6666666666666666,0.0,0.0,1.0,1.0,3.0,off,0.0,0.0,1.0,False,0.0,0.6666666666666666,0.6666666666666666
8746649774,radiant,8261500.0,898754153,38,Beastmaster,pos1,861,44385,812,1014,0.0,0.0,2.0,12.0,50577,15172,52.533005,1.0,1.0,0.0,1.0,0.0,0.0,1.0,1.0,safe,1.0,0.0,0.0,False,1.0,1.0,0.0
8746649774,radiant,8261500.0,173978074,16,Sand King,pos2,465,32554,545,814,1.0,1.0,2.0,17.0,48823,1865,78.46793,0.6666666666666666,1.0,0.0,0.0,1.0,0.0,2.0,2.0,mid,0.0,1.0,0.0,False,0.6666666666666666,1.0,0.0
8746649774,radiant,8261500.0,129958758,28,Slardar,pos3,624,39593,632,912,0.0,0.0,1.0,5.0,31152,7837,43.299953,0.0,1.0,0.0,0.0,0.0,1.0,3.0,3.0,off,0.0,0.0,1.0,False,0.0,1.0,0.0
8746649774,radiant,8261500.0,101695162,123,Hoodwink,pos4,180,28805,425,717,10.0,11.0,2.0,7.0,15763,973,84.0014,0.0,0.6666666666666666,1.0,0.0,0.0,1.0,3.0,3.0,off,0.0,0.0,1.0,False,0.0,0.6666666666666666,1.0
8746649774,radiant,8261500.0,94296097,40,Venomancer,pos5,220,21372,410,624,18.0,47.0,5.0,2.0,25074,2472,0.0,0.0,0.6666666666666666,1.0,1.0,0.0,0.0,1.0,1.0,safe,1.0,0.0,0.0,False,0.0,0.6666666666666666,1.0
8747354565,dire,9467224.0,124801257,38,Beastmaster,pos1,521,25285,609,663,0.0,1.0,5.0,3.0,22514,1844,31.466747,0.3333333333333333,1.0,0.0,1.0,0.0,0.0,3.0,1.0,safe,1.0,0.0,0.0,False,0.3333333333333333,1.0,0.0
8747354565,dire,9467224.0,301750126,106,Ember Spirit,pos2,386,21830,559,796,1.0,2.0,2.0,12.0,46026,976,107.199265,0.6666666666666666,0.6666666666666666,0.0,0.0,1.0,0.0,2.0,2.0,mid,0.0,1.0,0.0,False,0.6666666666666666,0.6666666666666666,0.0
8747354565,dire,9467224.0,126842529,98,Timbersaw,pos3,476,22418,591,770,0.0,0.0,1.0,2.0,25225,0,8.433203,0.0,0.6666666666666666,0.3333333333333333,0.0,0.0,1.0,1.0,3.0,off,0.0,0.0,1.0,False,0.0,0.6666666666666666,0.3333333333333333
8747354565,dire,9467224.0,320219866,64,Jakiro,pos4,81,10330,295,420,10.0,23.0,4.0,4.0,16680,1026,34.8667,0.0,0.3333333333333333,0.6666666666666666,1.0,0.0,0.0,3.0,1.0,safe,1.0,0.0,0.0,True,0.0,0.3333333333333333,0.6666666666666666
8747354565,dire,9467224.0,256156323,65,Batrider,pos5,126,10909,343,406,11.0,15.0,13.0,4.0,15665,0,65.39844,0.0,0.6666666666666666,0.6666666666666666,0.0,0.0,1.0,1.0,3.0,off,0.0,0.0,1.0,False,0.0,0.6666666666666666,0.6666666666666666
8747354565,radiant,9572001.0,1044002267,114,Monkey King,pos1,436,30694,696,968,0.0,0.0,1.0,6.0,35998,10373,34.4329,1.0,0.6666666666666666,0.0,1.0,0.0,0.0,1.0,1.0,safe,1.0,0.0,0.0,False,1.0,0.6666666666666666,0.0
8747354565,radiant,9572001.0,106573901,17,Storm Spirit,pos2,467,33383,757,1146,1.0,0.0,0.0,7.0,57372,8391,57.966366,0.0,0.6666666666666666,0.0,0.0,1.0,0.0,2.0,2.0,mid,0.0,1.0,0.0,False,0.0,0.6666666666666666,0.0
8747354565,radiant,9572001.0,402583877,120,Pangolier,pos3,363,25825,585,925,0.0,0.0,0.0,4.0,25138,1844,31.21949,0.0,0.6666666666666666,0.0,0.0,0.0,1.0,3.0,3.0,off,0.0,0.0,1.0,False,0.0,0.6666666666666666,0.0
8747354565,radiant,9572001.0,73401082,58,Enchantress,pos4,145,17590,464,523,13.0,22.0,7.0,3.0,12285,4350,20.633692,0.0,1.0,0.6666666666666666,1.0,0.0,0.0,1.0,1.0,safe,1.0,0.0,0.0,False,0.0,1.0,0.6666666666666666
8747354565,radiant,9572001.0,164199202,91,Io,pos5,98,16502,378,616,7.0,14.0,5.0,2.0,9395,843,0.0,0.0,0.6666666666666666,1.0,0.0,0.0,1.0,3.0,3.0,off,0.0,0.0,1.0,False,0.0,0.6666666666666666,1.0
8747486863,dire,9467224.0,124801257,38,Beastmaster,pos1,334,14572,527,596,1.0,0.0,2.0,1.0,12624,1296,34.10044,0.0,1.0,0.0,1.0,0.0,0.0,3.0,1.0,safe,1.0,0.0,0.0,False,0.0,1.0,0.0
8747486863,dire,9467224.0,301750126,39,Queen of Pain,pos2,248,13437,461,596,1.0,1.0,1.0,8.0,28530,24,0.0,0.0,0.0,0.6666666666666666,0.0,1.0,0.0,2.0,2.0,mid,0.0,1.0,0.0,False,0.0,0.0,0.6666666666666666
8747486863,dire,9467224.0,126842529,135,Dawnbreaker,pos3,222,11571,464,517,0.0,1.0,2.0,0.0,9968,92,14.399781,0.0,0.0,0.0,0.0,0.0,1.0,1.0,3.0,off,0.0,0.0,1.0,False,0.0,0.0,0.0
8747486863,dire,9467224.0,320219866,37,Warlock,pos4,66,7034,288,291,5.0,15.0,2.0,2.0,18819,367,11.099764,0.0,0.6666666666666666,1.0,1.0,0.0,0.0,3.0,1.0,safe,1.0,0.0,0.0,False,0.0,0.6666666666666666,1.0
8747486863,dire,9467224.0,256156323,100,Tusk,pos5,30,4111,212,280,8.0,12.0,0.0,1.0,5639,0,19.000135,0.0,0.6666666666666666,0.0,0.0,0.0,1.0,1.0,3.0,off,0.0,0.0,1.0,False,0.0,0.6666666666666666,0.0
8747486863,radiant,9572001.0,1044002267,63,Weaver,pos1,227,18375,685,708,1.0,0.0,0.0,1.0,30361,17362,0.0,0.0,0.0,0.0,1.0,0.0,0.0,1.0,1.0,safe,1.0,0.0,0.0,False,0.0,0.0,0.0
8747486863,radiant,9572001.0,106573901,120,Pangolier,pos2,215,19623,640,719,1.0,0.0,0.0,10.0,25997,3182,18.118286,0.6666666666666666,0.3333333333333333,0.0,0.0,1.0,0.0,2.0,2.0,mid,0.0,1.0,0.0,False,0.6666666666666666,0.3333333333333333,0.0
8747486863,radiant,9572001.0,402583877,108,Underlord,pos3,179,15524,533,647,0.0,1.0,4.0,3.0,18860,3953,119.83235,0.0,0.6666666666666666,0.6666666666666666,0.0,0.0,1.0,3.0,3.0,off,0.0,0.0,1.0,False,0.0,0.6666666666666666,0.6666666666666666
8747486863,radiant,9572001.0,73401082,58,Enchantress,pos4,43,12408,392,522,6.0,14.0,0.0,1.0,8101,4447,13.933154,0.0,0.0,0.6666666666666666,1.0,0.0,0.0,1.0,1.0,safe,1.0,0.0,0.0,False,0.0,0.0,0.6666666666666666
8747486863,radiant,9572001.0,164199202,86,Rubick,pos5,50,10503,378,466,6.0,10.0,2.0,0.0,21341,556,54.133602,0.0,0.3333333333333333,1.0,0.0,0.0,1.0,3.0,3.0,off,0.0,0.0,1.0,False,0.0,0.3333333333333333,1.0
8747660830,dire,8291895.0,331855530,49,Dragon Knight,pos1,524,36609,829,1180,0.0,0.0,8.0,6.0,39688,16975,45.700706,1.0,1.0,0.0,1.0,0.0,0.0,3.0,1.0,safe,1.0,0.0,0.0,False,1.0,1.0,0.0
8747660830,dire,8291895.0,93618577,106,Ember Spirit,pos2,404,29889,706,958,0.0,0.0,1.0,13.0,46934,2742,69.79781,0.0,0.6666666666666666,0.0,0.0,1.0,0.0,2.0,2.0,mid,0.0,1.0,0.0,False,0.0,0.6666666666666666,0.0
8747660830,dire,8291895.0,86698277,155,Largo,pos3,412,27126,633,907,1.0,0.0,4.0,3.0,22507,1314,5.1027327,0.0,0.6666666666666666,0.3333333333333333,0.0,0.0,1.0,1.0,3.0,off,0.0,0.0,1.0,False,0.0,0.6666666666666666,0.3333333333333333
8747660830,dire,8291895.0,346412363,100,Tusk,pos4,56,13474,346,562,7.0,7.0,2.0,1.0,12009,65,32.567406,0.0,0.6666666666666666,0.6666666666666666,0.0,0.0,1.0,1.0,3.0,off,0.0,0.0,1.0,True,0.0,0.6666666666666666,0.6666666666666666
8747660830,dire,8291895.0,136829091,110,Phoenix,pos5,97,15117,408,571,13.0,32.0,8.0,3.0,20217,0,6.333663,0.0,0.0,1.0,1.0,0.0,0.0,3.0,1.0,safe,1.0,0.0,0.0,False,0.0,0.0,1.0
8747660830,radiant,9823272.0,171262902,19,Tiny,pos1,482,23965,592,584,0.0,0.0,0.0,2.0,25588,3059,25.76567,1.0,0.6666666666666666,0.0,1.0,0.0,0.0,1.0,1.0,safe,1.0,0.0,0.0,False,1.0,0.6666666666666666,0.0
8747660830,radiant,9823272.0,312436974,120,Pangolier,pos2,368,19680,498,629,1.0,0.0,0.0,8.0,20258,429,28.336016,0.6666666666666666,0.6666666666666666,0.0,0.0,1.0,0.0,2.0,2.0,mid,0.0,1.0,0.0,False,0.6666666666666666,0.6666666666666666,0.0
8747660830,radiant,9823272.0,195108598,99,Bristleback,pos3,441,22848,557,702,0.0,0.0,3.0,3.0,13310,1864,2.4002442,0.0,1.0,0.6666666666666666,0.0,0.0,1.0,3.0,3.0,off,0.0,0.0,1.0,False,0.0,1.0,0.6666666666666666
8747660830,radiant,9823272.0,93817671,91,Io,pos4,21,7338,236,500,7.0,13.0,7.0,4.0,5277,219,0.0,0.0,0.3333333333333333,1.0,1.0,0.0,0.0,1.0,1.0,safe,1.0,0.0,0.0,False,0.0,0.3333333333333333,1.0
8747660830,radiant,9823272.0,103735745,90,Keeper of the Light,pos5,138,12018,339,515,13.0,24.0,13.0,4.0,14785,0,17.5,0.0,0.6666666666666666,0.6666666666666666,0.0,0.0,1.0,3.0,3.0,off,0.0,0.0,1.0,False,0.0,0.6666666666666666,0.6666666666666666
8747822091,dire,8291895.0,331855530,72,Gyrocopter,pos1,270,17719,710,775,0.0,0.0,5.0,2.0,15725,8732,10.666285,1.0,0.0,0.3333333333333333,1.0,0.0,0.0,3.0,1.0,safe,1.0,0.0,0.0,False,1.0,0.0,0.3333333333333333
8747822091,dire,8291895.0,93618577,120,Pangolier,pos2,200,15476,631,657,1.0,1.0,1.0,11.0,13672,2735,6.8838377,0.6666666666666666,0.0,0.0,0.0,1.0,0.0,2.0,2.0,mid,0.0,1.0,0.0,False,0.6666666666666666,0.0,0.0
8747822091,dire,8291895.0,86698277,69,Doom,pos3,162,12768,525,572,0.0,0.0,3.0,0.0,9337,1523,8.2012205,0.0,1.0,0.0,0.0,0.0,1.0,1.0,3.0,off,0.0,0.0,1.0,False,0.0,1.0,0.0
8747822091,dire,8291895.0,136829091,110,Phoenix,pos4,39,7697,363,438,5.0,15.0,4.0,4.0,9585,67,0.0,0.0,0.0,1.0,1.0,0.0,0.0,3.0,1.0,safe,1.0,0.0,0.0,True,0.0,0.0,1.0
8747822091,dire,8291895.0,346412363,100,Tusk,pos5,36,7268,319,428,6.0,4.0,1.0,1.0,4824,223,20.766724,0.0,0.6666666666666666,0.0,0.0,0.0,1.0,1.0,3.0,off,0.0,0.0,1.0,False,0.0,0.6666666666666666,0.0
8747822091,radiant,9823272.0,171262902,94,Medusa,pos1,291,13635,562,578,0.0,0.0,1.0,1.0,7573,55,10.932813,1.0,0.0,0.0,1.0,0.0,0.0,1.0,1.0,safe,1.0,0.0,0.0,False,1.0,0.0,0.0
8747822091,radiant,9823272.0,312436974,126,Void Spirit,pos2,198,11357,478,468,2.0,1.0,1.0,3.0,7200,225,0.0,0.0,0.0,0.0,0.0,1.0,0.0,2.0,2.0,mid,0.0,1.0,0.0,False,0.0,0.0,0.0
8747822091,radiant,9823272.0,195108598,65,Batrider,pos3,236,10574,457,549,0.0,0.0,5.0,1.0,8021,0,21.1333,0.0,1.0,0.6666666666666666,0.0,0.0,1.0,3.0,3.0,off,0.0,0.0,1.0,False,0.0,1.0,0.6666666666666666
8747822091,radiant,9823272.0,93817671,84,Ogre Magi,pos4,12,4467,199,259,4.0,8.0,1.0,2.0,8173,0,12.700536,0.0,0.3333333333333333,0.0,1.0,0.0,0.0,1.0,1.0,safe,1.0,0.0,0.0,False,0.0,0.3333333333333333,0.0
8747822091,radiant,9823272.0,103735745,26,Lion,pos5,22,4018,220,281,6.0,12.0,7.0,2.0,3926,0,48.666924,0.0,0.6666666666666666,0.0,0.0,0.0,1.0,3.0,3.0,off,0.0,0.0,1.0,True,0.0,0.6666666666666666,0.0
8748008577,dire,8261500.0,898754153,70,Ursa,pos1,176,9775,430,422,0.0,0.0,1.0,2.0,1133,0,0.0,0.3333333333333333,0.6666666666666666,0.0,1.0,0.0,0.0,3.0,1.0,safe,1.0,0.0,0.0,False,0.3333333333333333,0.6666666666666666,0.0
8748008577,dire,8261500.0,173978074,52,Leshrac,pos2,175,9411,440,462,2.0,1.0,0.0,6.0,8182,459,1.6332031,0.0,1.0,0.6666666666666666,0.0,1.0,0.0,2.0,2.0,mid,0.0,1.0,0.0,False,0.0,1.0,0.6666666666666666
8748008577,dire,8261500.0,129958758,155,Largo,pos3,141,8184,359,421,0.0,0.0,6.0,0.0,2317,0,2.3010252,0.0,0.0,0.0,0.0,0.0,1.0,1.0,3.0,off,0.0,0.0,1.0,False,0.0,0.0,0.0
8748008577,dire,8261500.0,101695162,100,Tusk,pos4,35,4440,215,241,3.0,6.0,1.0,1.0,2398,0,6.3,0.0,0.6666666666666666,0.0,0.0,0.0,1.0,1.0,3.0,off,0.0,0.0,1.0,False,0.0,0.6666666666666666,0.0
8748008577,dire,8261500.0,94296097,50,Dazzle,pos5,15,2675,182,213,5.0,13.0,6.0,2.0,3130,0,1.4333252,0.0,0.0,0.0,1.0,0.0,0.0,3.0,1.0,safe,1.0,0.0,0.0,False,0.0,0.0,0.0
8748008577,radiant,9572001.0,1044002267,114,Monkey King,pos1,178,13934,612,584,0.0,0.0,2.0,1.0,13216,2875,16.033241,0.0,0.0,0.0,1.0,0.0,0.0,1.0,1.0,safe,1.0,0.0,0.0,False,0.0,0.0,0.0
8748008577,radiant,9572001.0,106573901,120,Pangolier,pos2,193,13300,589,614,1.0,0.0,0.0,9.0,11895,855,13.39995,0.0,0.0,0.0,0.0,1.0,0.0,2.0,2.0,mid,0.0,1.0,0.0,False,0.0,0.0,0.0
8748008577,radiant,9572001.0,402583877,28,Slardar,pos3,179,11545,536,648,0.0,0.0,0.0,2.0,5318,412,12.499635,0.0,0.6666666666666666,0.0,0.0,0.0,1.0,3.0,3.0,off,0.0,0.0,1.0,False,0.0,0.6666666666666666,0.0
8748008577,radiant,9572001.0,164199202,86,Rubick,pos4,35,6925,290,442,4.0,10.0,2.0,0.0,7882,2066,9.400454,0.0,0.3333333333333333,0.0,0.0,0.0,1.0,3.0,3.0,off,0.0,0.0,1.0,True,0.0,0.3333333333333333,0.0
8748008577,radiant,9572001.0,73401082,58,Enchantress,pos5,40,5495,273,365,5.0,10.0,2.0,2.0,4024,1738,0.5,0.0,0.0,0.6666666666666666,1.0,0.0,0.0,1.0,1.0,safe,1.0,0.0,0.0,False,0.0,0.0,0.6666666666666666
8748080084,dire,9572001.0,1044002267,114,Monkey King,pos1,445,25452,574,738,0.0,0.0,5.0,6.0,22385,1316,32.99977,1.0,0.6666666666666666,0.0,1.0,0.0,0.0,3.0,1.0,safe,1.0,0.0,0.0,False,1.0,0.6666666666666666,0.0
8748080084,dire,9572001.0,106573901,120,Pangolier,pos2,373,20860,516,648,0.0,3.0,3.0,12.0,32952,155,34.48648,0.6666666666666666,0.6666666666666666,0.0,0.0,1.0,0.0,2.0,2.0,mid,0.0,1.0,0.0,False,0.6666666666666666,0.6666666666666666,0.0
8748080084,dire,9572001.0,402583877,38,Beastmaster,pos3,429,24985,574,517,1.0,0.0,1.0,1.0,19063,8069,43.200172,0.0,1.0,0.0,0.0,0.0,1.0,1.0,3.0,off,0.0,0.0,1.0,False,0.0,1.0,0.0
8748080084,dire,9572001.0,164199202,90,Keeper of the Light,pos4,158,13460,341,428,6.0,14.0,8.0,1.0,14498,0,0.0,0.0,0.0,1.0,0.0,0.0,1.0,1.0,3.0,off,0.0,0.0,1.0,False,0.0,0.0,1.0
8748080084,dire,9572001.0,73401082,31,Lich,pos5,44,10912,309,339,15.0,25.0,1.0,2.0,11242,0,18.633568,0.0,0.6666666666666666,1.0,1.0,0.0,0.0,3.0,1.0,safe,1.0,0.0,0.0,False,0.0,0.6666666666666666,1.0
8748080084,radiant,8261500.0,898754153,63,Weaver,pos1,580,35817,793,920,1.0,0.0,0.0,7.0,25796,20653,0.0,1.0,0.6666666666666666,0.0,1.0,0.0,0.0,1.0,1.0,safe,1.0,0.0,0.0,False,1.0,0.6666666666666666,0.0
8748080084,radiant,8261500.0,173978074,16,Sand King,pos2,410,27980,615,940,1.0,1.0,1.0,14.0,31450,1457,32.299286,0.0,1.0,0.0,0.0,1.0,0.0,2.0,2.0,mid,0.0,1.0,0.0,False,0.0,1.0,0.0
8748080084,radiant,8261500.0,129958758,28,Slardar,pos3,434,27054,601,854,0.0,0.0,2.0,2.0,14947,4023,42.63188,0.0,1.0,0.0,0.0,0.0,1.0,3.0,3.0,off,0.0,0.0,1.0,False,0.0,1.0,0.0
8748080084,radiant,8261500.0,101695162,86,Rubick,pos4,114,16861,354,484,8.0,7.0,3.0,4.0,10557,233,39.131645,0.0,1.0,1.0,0.0,0.0,1.0,3.0,3.0,off,0.0,0.0,1.0,False,0.0,1.0,1.0
8748080084,radiant,8261500.0,94296097,40,Venomancer,pos5,144,14171,373,475,13.0,35.0,2.0,2.0,18252,1084,0.0,0.0,0.0,1.0,1.0,0.0,0.0,1.0,1.0,safe,1.0,0.0,0.0,False,0.0,0.0,1.0
8748176080,dire,9572001.0,1044002267,89,Naga Siren,pos1,472,21404,666,458,0.0,0.0,5.0,5.0,8630,759,32.001606,1.0,0.0,0.0,1.0,0.0,0.0,3.0,1.0,safe,1.0,0.0,0.0,False,1.0,0.0,0.0
8748176080,dire,9572001.0,106573901,120,Pangolier,pos2,265,12385,472,554,0.0,1.0,3.0,5.0,13223,0,14.685936,0.6666666666666666,0.6666666666666666,0.0,0.0,1.0,0.0,2.0,2.0,mid,0.0,1.0,0.0,False,0.6666666666666666,0.6666666666666666,0.0
8748176080,dire,9572001.0,402583877,108,Underlord,pos3,233,14812,492,492,0.0,0.0,4.0,0.0,16973,127,75.06645,0.0,1.0,0.6666666666666666,0.0,0.0,1.0,1.0,3.0,off,0.0,0.0,1.0,False,0.0,1.0,0.6666666666666666
8748176080,dire,9572001.0,164199202,119,Dark Willow,pos4,50,7003,287,323,7.0,14.0,2.0,2.0,13054,523,120.16714,0.0,0.6666666666666666,0.0,0.0,0.0,1.0,1.0,3.0,off,0.0,0.0,1.0,False,0.0,0.6666666666666666,0.0
8748176080,dire,9572001.0,73401082,63,Weaver,pos5,75,8595,315,366,9.0,17.0,0.0,4.0,7802,99,0.0,0.0,0.0,0.0,1.0,0.0,0.0,3.0,1.0,safe,1.0,0.0,0.0,False,0.0,0.0,0.0
8748176080,radiant,8261500.0,898754153,10,Morphling,pos1,419,26900,803,879,1.0,0.0,0.0,5.0,23598,22537,43.66656,1.0,0.3333333333333333,0.0,1.0,0.0,0.0,1.0,1.0,safe,1.0,0.0,0.0,False,1.0,0.3333333333333333,0.0
8748176080,radiant,8261500.0,173978074,16,Sand King,pos2,237,21482,611,749,1.0,1.0,2.0,8.0,26141,399,46.966225,0.0,1.0,0.0,0.0,1.0,0.0,2.0,2.0,mid,0.0,1.0,0.0,False,0.0,1.0,0.0
8748176080,radiant,8261500.0,129958758,129,Mars,pos3,215,16060,500,578,0.0,0.0,1.0,3.0,9579,1323,52.600716,0.0,1.0,0.0,0.0,0.0,1.0,3.0,3.0,off,0.0,0.0,1.0,False,0.0,1.0,0.0
8748176080,radiant,8261500.0,101695162,79,Shadow Demon,pos4,47,9877,324,379,4.0,10.0,8.0,0.0,6733,68,27.149536,0.0,0.3333333333333333,1.0,0.0,0.0,1.0,3.0,3.0,off,0.0,0.0,1.0,False,0.0,0.3333333333333333,1.0
8748176080,radiant,8261500.0,94296097,9,Mirana,pos5,35,11427,349,390,9.0,18.0,2.0,1.0,8827,425,15.766394,0.0,0.6666666666666666,1.0,1.0,0.0,0.0,1.0,1.0,safe,1.0,0.0,0.0,False,0.0,0.6666666666666666,1.0
8748904227,dire,9823272.0,171262902,46,Templar Assassin,pos1,494,29932,768,989,0.0,0.0,2.0,4.0,21829,20650,0.0,1.0,1.0,0.3333333333333333,1.0,0.0,0.0,3.0,1.0,safe,1.0,0.0,0.0,False,1.0,1.0,0.3333333333333333
8748904227,dire,9823272.0,312436974,106,Ember Spirit,pos2,321,24207,589,803,2.0,1.0,1.0,6.0,30741,3629,37.932816,0.0,0.6666666666666666,0.0,0.0,1.0,0.0,2.0,2.0,mid,0.0,1.0,0.0,False,0.0,0.6666666666666666,0.0
8748904227,dire,9823272.0,195108598,29,Tidehunter,pos3,261,19987,536,752,0.0,0.0,1.0,3.0,15507,2625,29.834547,0.0,1.0,0.6666666666666666,0.0,0.0,1.0,1.0,3.0,off,0.0,0.0,1.0,False,0.0,1.0,0.6666666666666666
8748904227,dire,9823272.0,93817671,110,Phoenix,pos4,81,15107,413,536,9.0,19.0,10.0,1.0,21682,255,13.900927,0.0,0.6666666666666666,0.6666666666666666,1.0,0.0,0.0,3.0,1.0,safe,1.0,0.0,0.0,True,0.0,0.6666666666666666,0.6666666666666666
8748904227,dire,9823272.0,103735745,65,Batrider,pos5,219,17630,455,605,7.0,14.0,12.0,3.0,15994,208,42.79956,0.0,0.6666666666666666,0.6666666666666666,0.0,0.0,1.0,1.0,3.0,off,0.0,0.0,1.0,False,0.0,0.6666666666666666,0.6666666666666666
8748904227,radiant,8261500.0,898754153,114,Monkey King,pos1,395,23696,621,755,0.0,1.0,0.0,3.0,31934,1331,24.933172,1.0,0.6666666666666666,0.0,1.0,0.0,0.0,1.0,1.0,safe,1.0,0.0,0.0,False,1.0,0.6666666666666666,0.0
8748904227,radiant,8261500.0,173978074,52,Leshrac,pos2,328,17885,500,521,2.0,0.0,3.0,13.0,18137,3495,12.100074,0.0,1.0,0.0,0.0,1.0,0.0,2.0,2.0,mid,0.0,1.0,0.0,False,0.0,1.0,0.0
8748904227,radiant,8261500.0,129958758,129,Mars,pos3,374,17592,528,682,0.0,1.0,3.0,2.0,11941,70,63.53421,0.0,1.0,0.0,0.0,0.0,1.0,3.0,3.0,off,0.0,0.0,1.0,False,0.0,1.0,0.0
8748904227,radiant,8261500.0,101695162,100,Tusk,pos4,65,12173,328,491,6.0,8.0,3.0,4.0,6746,0,34.8673,0.0,1.0,0.0,0.0,0.0,1.0,3.0,3.0,off,0.0,0.0,1.0,True,0.0,1.0,0.0
8748904227,radiant,8261500.0,94296097,111,Oracle,pos5,22,7812,281,391,11.0,21.0,4.0,3.0,5708,47,40.565792,0.0,1.0,1.0,1.0,0.0,0.0,1.0,1.0,safe,1.0,0.0,0.0,False,0.0,1.0,1.0
8748993377,dire,9823272.0,171262902,138,Muerta,pos1,264,13728,441,514,0.0,0.0,3.0,1.0,15944,0,21.000305,1.0,0.0,0.0,1.0,0.0,0.0,3.0,1.0,safe,1.0,0.0,0.0,False,1.0,0.0,0.0
8748993377,dire,9823272.0,312436974,106,Ember Spirit,pos2,252,14351,470,634,2.0,0.0,1.0,8.0,22545,0,45.265736,0.0,0.6666666666666666,0.0,0.0,1.0,0.0,2.0,2.0,mid,0.0,1.0,0.0,False,0.0,0.6666666666666666,0.0
8748993377,dire,9823272.0,195108598,65,Batrider,pos3,343,16605,534,610,0.0,0.0,2.0,1.0,12072,467,29.865967,0.0,1.0,0.3333333333333333,0.0,0.0,1.0,1.0,3.0,off,0.0,0.0,1.0,False,0.0,1.0,0.3333333333333333
8748993377,dire,9823272.0,93817671,110,Phoenix,pos4,81,7774,313,308,5.0,14.0,3.0,1.0,16689,290,0.0,0.0,0.0,0.6666666666666666,1.0,0.0,0.0,3.0,1.0,safe,1.0,0.0,0.0,False,0.0,0.0,0.6666666666666666
8748993377,dire,9823272.0,103735745,114,Monkey King,pos5,78,7745,292,338,10.0,17.0,4.0,8.0,11202,0,19.699778,0.0,0.0,0.0,0.0,0.0,1.0,1.0,3.0,off,0.0,0.0,1.0,False,0.0,0.0,0.0
8748993377,radiant,8261500.0,898754153,41,Faceless Void,pos1,325,25772,733,890,0.0,1.0,3.0,1.0,19538,10229,7.766748,1.0,0.6666666666666666,0.0,1.0,0.0,0.0,1.0,1.0,safe,1.0,0.0,0.0,False,1.0,0.6666666666666666,0.0
8748993377,radiant,8261500.0,173978074,120,Pangolier,pos2,243,20115,606,831,2.0,0.0,0.0,13.0,27295,142,37.186974,0.6666666666666666,0.6666666666666666,0.0,0.0,1.0,0.0,2.0,2.0,mid,0.0,1.0,0.0,False,0.6666666666666666,0.6666666666666666,0.0
8748993377,radiant,8261500.0,129958758,99,Bristleback,pos3,282,21255,653,821,0.0,0.0,1.0,1.0,18879,9229,0.0,0.0,1.0,0.6666666666666666,0.0,0.0,1.0,3.0,3.0,off,0.0,0.0,1.0,False,0.0,1.0,0.6666666666666666
8748993377,radiant,8261500.0,101695162,91,Io,pos4,72,12354,347,524,4.0,6.0,2.0,1.0,12610,373,0.0,0.0,0.6666666666666666,1.0,0.0,0.0,1.0,3.0,3.0,off,0.0,0.0,1.0,False,0.0,0.6666666666666666,1.0
8748993377,radiant,8261500.0,94296097,87,Disruptor,pos5,21,8665,336,488,10.0,23.0,2.0,1.0,11834,38,0.0,0.0,0.3333333333333333,1.0,1.0,0.0,0.0,1.0,1.0,safe,1.0,0.0,0.0,False,0.0,0.3333333333333333,1.0
8749102310,dire,9823272.0,171262902,19,Tiny,pos1,375,23966,710,950,1.0,0.0,1.0,3.0,29588,11179,16.031984,1.0,0.0,0.0,1.0,0.0,0.0,3.0,1.0,safe,1.0,0.0,0.0,False,1.0,0.0,0.0
8749102310,dire,9823272.0,312436974,126,Void Spirit,pos2,275,22494,684,778,1.0,0.0,1.0,11.0,29559,858,0.0,0.0,0.0,0.0,0.0,1.0,0.0,2.0,2.0,mid,0.0,1.0,0.0,False,0.0,0.0,0.0
8749102310,dire,9823272.0,195108598,29,Tidehunter,pos3,288,19617,600,751,0.0,0.0,1.0,1.0,18241,2281,22.433075,0.0,1.0,0.0,0.0,0.0,1.0,1.0,3.0,off,0.0,0.0,1.0,False,0.0,1.0,0.0
8749102310,dire,9823272.0,93817671,86,Rubick,pos4,62,10232,329,445,8.0,11.0,5.0,2.0,11839,122,33.299294,0.0,0.0,1.0,1.0,0.0,0.0,3.0,1.0,safe,1.0,0.0,0.0,True,0.0,0.0,1.0
8749102310,dire,9823272.0,103735745,136,Marci,pos5,42,9530,329,523,6.0,17.0,2.0,3.0,10126,1717,65.100815,0.0,0.6666666666666666,0.6666666666666666,0.0,0.0,1.0,1.0,3.0,off,0.0,0.0,1.0,False,0.0,0.6666666666666666,0.6666666666666666
8749102310,radiant,8261500.0,898754153,38,Beastmaster,pos1,346,15566,550,671,0.0,0.0,2.0,2.0,19503,0,28.433498,0.0,1.0,0.0,1.0,0.0,0.0,1.0,1.0,safe,1.0,0.0,0.0,False,0.0,1.0,0.0
8749102310,radiant,8261500.0,173978074,90,Keeper of the Light,pos2,239,15073,449,556,2.0,0.0,0.0,3.0,28346,0,0.0,0.0,0.0,0.0,0.0,1.0,0.0,2.0,2.0,mid,0.0,1.0,0.0,False,0.0,0.0,0.0
8749102310,radiant,8261500.0,129958758,99,Bristleback,pos3,317,15718,502,607,0.0,0.0,4.0,1.0,15761,580,0.0,0.0,0.6666666666666666,0.0,0.0,0.0,1.0,3.0,3.0,off,0.0,0.0,1.0,False,0.0,0.6666666666666666,0.0
8749102310,radiant,8261500.0,101695162,71,Spirit Breaker,pos4,71,9523,310,368,6.0,7.0,2.0,5.0,10078,294,42.866695,0.0,1.0,0.0,0.0,0.0,1.0,3.0,3.0,off,0.0,0.0,1.0,True,0.0,1.0,0.0
8749102310,radiant,8261500.0,94296097,58,Enchantress,pos5,75,5281,253,361,8.0,23.0,5.0,3.0,9539,2552,8.63339,0.0,0.0,1.0,1.0,0.0,0.0,1.0,1.0,safe,1.0,0.0,0.0,False,0.0,0.0,1.0
8749290937,dire,8291895.0,331855530,72,Gyrocopter,pos1,399,19830,540,596,0.0,3.0,6.0,3.0,20098,2229,20.599636,1.0,0.6666666666666666,0.0,1.0,0.0,0.0,3.0,1.0,safe,1.0,0.0,0.0,False,1.0,0.6666666666666666,0.0
8749290937,dire,8291895.0,93618577,120,Pangolier,pos2,327,14875,474,640,1.0,2.0,1.0,11.0,23506,1059,16.68397,0.6666666666666666,0.6666666666666666,0.0,0.0,1.0,0.0,2.0,2.0,mid,0.0,1.0,0.0,False,0.6666666666666666,0.6666666666666666,0.0
8749290937,dire,8291895.0,86698277,98,Timbersaw,pos3,412,20466,600,776,0.0,0.0,2.0,1.0,13123,0,0.0,0.0,1.0,0.6666666666666666,0.0,0.0,1.0,1.0,3.0,off,0.0,0.0,1.0,False,0.0,1.0,0.6666666666666666
8749290937,dire,8291895.0,346412363,86,Rubick,pos4,47,9464,270,274,9.0,8.0,5.0,1.0,9106,50,40.865726,0.0,1.0,0.6666666666666666,0.0,0.0,1.0,1.0,3.0,off,0.0,0.0,1.0,False,0.0,1.0,0.6666666666666666
8749290937,dire,8291895.0,136829091,40,Venomancer,pos5,85,8760,323,288,9.0,22.0,2.0,1.0,19607,152,0.0,0.0,0.0,1.0,1.0,0.0,0.0,3.0,1.0,safe,1.0,0.0,0.0,False,0.0,0.0,1.0
8749290937,radiant,9823272.0,171262902,138,Muerta,pos1,499,33475,823,1009,0.0,0.0,5.0,4.0,45175,23305,29.933594,1.0,0.6666666666666666,0.3333333333333333,1.0,0.0,0.0,1.0,1.0,safe,1.0,0.0,0.0,False,1.0,0.6666666666666666,0.3333333333333333
8749290937,radiant,9823272.0,312436974,16,Sand King,pos2,338,24894,640,1033,1.0,1.0,1.0,14.0,26692,0,51.798702,0.6666666666666666,1.0,0.0,0.0,1.0,0.0,2.0,2.0,mid,0.0,1.0,0.0,False,0.6666666666666666,1.0,0.0
8749290937,radiant,9823272.0,195108598,28,Slardar,pos3,301,22988,601,931,0.0,1.0,0.0,3.0,18975,1225,44.332798,0.0,1.0,0.0,0.0,0.0,1.0,3.0,3.0,off,0.0,0.0,1.0,False,0.0,1.0,0.0
8749290937,radiant,9823272.0,93817671,83,Treant Protector,pos4,50,13517,352,527,9.0,11.0,1.0,3.0,4134,206,37.8666,0.0,1.0,0.0,1.0,0.0,0.0,1.0,1.0,safe,1.0,0.0,0.0,False,0.0,1.0,0.0
8749290937,radiant,9823272.0,103735745,123,Hoodwink,pos5,116,15397,453,751,9.0,22.0,7.0,2.0,13195,68,42.73312,0.0,0.3333333333333333,1.0,0.0,0.0,1.0,3.0,3.0,off,0.0,0.0,1.0,False,0.0,0.3333333333333333,1.0
8749401157,dire,9823272.0,171262902,63,Weaver,pos1,613,32117,696,951,1.0,0.0,2.0,10.0,58777,8555,0.0,1.0,0.6666666666666666,0.0,1.0,0.0,0.0,3.0,1.0,safe,1.0,0.0,0.0,False,1.0,0.6666666666666666,0.0
8749401157,dire,9823272.0,312436974,16,Sand King,pos2,482,26806,533,730,1.0,3.0,4.0,13.0,55376,393,62.43318,0.0,1.0,0.0,0.0,1.0,0.0,2.0,2.0,mid,0.0,1.0,0.0,False,0.0,1.0,0.0
8749401157,dire,9823272.0,195108598,78,Brewmaster,pos3,420,28804,563,788,0.0,0.0,4.0,2.0,28012,1328,141.31908,0.0,1.0,0.0,0.0,0.0,1.0,1.0,3.0,off,0.0,0.0,1.0,False,0.0,1.0,0.0
8749401157,dire,9823272.0,103735745,27,Shadow Shaman,pos4,88,13722,301,445,13.0,20.0,5.0,6.0,15441,6713,154.10188,0.0,1.0,1.0,0.0,0.0,1.0,1.0,3.0,off,0.0,0.0,1.0,True,0.0,1.0,1.0
8749401157,dire,9823272.0,93817671,100,Tusk,pos5,62,12228,289,481,13.0,30.0,0.0,3.0,13742,345,47.633408,0.0,0.6666666666666666,0.6666666666666666,1.0,0.0,0.0,3.0,1.0,safe,1.0,0.0,0.0,False,0.0,0.6666666666666666,0.6666666666666666
8749401157,radiant,8291895.0,331855530,114,Monkey King,pos1,826,46938,793,1075,0.0,0.0,2.0,6.0,43947,9952,43.5985,1.0,0.6666666666666666,0.0,1.0,0.0,0.0,1.0,1.0,safe,1.0,0.0,0.0,False,1.0,0.6666666666666666,0.0
8749401157,radiant,8291895.0,93618577,17,Storm Spirit,pos2,591,42748,724,1039,1.0,1.0,0.0,20.0,59974,2016,50.199142,0.0,1.0,0.0,0.0,1.0,0.0,2.0,2.0,mid,0.0,1.0,0.0,False,0.0,1.0,0.0
8749401157,radiant,8291895.0,86698277,155,Largo,pos3,675,42010,702,1040,0.0,0.0,5.0,1.0,31839,0,14.099778,0.0,1.0,0.6666666666666666,0.0,0.0,1.0,3.0,3.0,off,0.0,0.0,1.0,False,0.0,1.0,0.6666666666666666
8749401157,radiant,8291895.0,346412363,90,Keeper of the Light,pos4,215,19090,400,683,6.0,10.0,5.0,1.0,21653,149,0.0,0.0,0.0,1.0,0.0,0.0,1.0,3.0,3.0,off,0.0,0.0,1.0,False,0.0,0.0,1.0
8749401157,radiant,8291895.0,136829091,64,Jakiro,pos5,125,16344,334,573,22.0,43.0,3.0,3.0,18940,2143,47.933083,0.0,1.0,0.0,1.0,0.0,0.0,1.0,1.0,safe,1.0,0.0,0.0,False,0.0,1.0,0.0
8749533801,dire,8291895.0,331855530,114,Monkey King,pos1,320,26176,698,1023,0.0,0.0,1.0,5.0,31495,12670,25.732315,1.0,0.6666666666666666,0.0,1.0,0.0,0.0,3.0,1.0,safe,1.0,0.0,0.0,False,1.0,0.6666666666666666,0.0
8749533801,dire,8291895.0,93618577,38,Beastmaster,pos2,345,27888,758,901,2.0,2.0,3.0,16.0,29408,6953,32.799484,1.0,1.0,0.0,0.0,1.0,0.0,2.0,2.0,mid,0.0,1.0,0.0,False,1.0,1.0,0.0
8749533801,dire,8291895.0,86698277,29,Tidehunter,pos3,345,22602,644,944,0.0,0.0,0.0,2.0,20342,4701,43.63448,0.0,1.0,0.0,0.0,0.0,1.0,1.0,3.0,off,0.0,0.0,1.0,False,0.0,1.0,0.0
8749533801,dire,8291895.0,346412363,100,Tusk,pos4,42,12845,392,557,7.0,5.0,2.0,2.0,10062,86,31.866922,0.0,0.6666666666666666,0.0,0.0,1.0,0.0,2.0,2.0,mid,0.0,1.0,0.0,True,0.0,0.6666666666666666,0.0
8749533801,dire,8291895.0,136829091,110,Phoenix,pos5,103,13459,434,598,9.0,28.0,3.0,1.0,16366,0,4.7001467,0.0,0.0,0.6666666666666666,1.0,0.0,0.0,3.0,1.0,safe,1.0,0.0,0.0,False,0.0,0.0,0.6666666666666666
8749533801,radiant,9823272.0,171262902,48,Luna,pos1,530,22695,733,857,0.0,0.0,4.0,1.0,31680,3004,13.69932,1.0,0.6666666666666666,0.0,1.0,0.0,0.0,1.0,1.0,safe,1.0,0.0,0.0,False,1.0,0.6666666666666666,0.0
8749533801,radiant,9823272.0,312436974,106,Ember Spirit,pos2,248,15785,467,595,1.0,0.0,0.0,5.0,24186,0,55.032116,0.0,0.6666666666666666,0.0,0.0,1.0,0.0,2.0,2.0,mid,0.0,1.0,0.0,False,0.0,0.6666666666666666,0.0
8749533801,radiant,9823272.0,195108598,99,Bristleback,pos3,266,12042,401,493,0.0,0.0,2.0,3.0,18013,0,0.0,0.0,1.0,0.6666666666666666,0.0,0.0,1.0,3.0,3.0,off,0.0,0.0,1.0,False,0.0,1.0,0.6666666666666666
8749533801,radiant,9823272.0,93817671,9,Mirana,pos4,86,9291,330,450,9.0,11.0,4.0,4.0,11702,100,32.166782,0.0,0.6666666666666666,1.0,1.0,0.0,0.0,1.0,1.0,safe,1.0,0.0,0.0,False,0.0,0.6666666666666666,1.0
8749533801,radiant,9823272.0,103735745,90,Keeper of the Light,pos5,100,9254,320,450,7.0,22.0,8.0,1.0,10257,0,0.0,0.0,0.0,1.0,0.0,0.0,1.0,3.0,3.0,off,0.0,0.0,1.0,False,0.0,0.0,1.0
8749655300,dire,9823272.0,171262902,19,Tiny,pos1,310,14303,549,615,0.0,0.0,2.0,3.0,9419,0,9.199587,0.0,0.6666666666666666,0.0,1.0,0.0,0.0,3.0,1.0,safe,1.0,0.0,0.0,False,0.0,0.6666666666666666,0.0
8749655300,dire,9823272.0,312436974,28,Slardar,pos2,179,9655,383,450,1.0,0.0,1.0,2.0,7831,0,26.565985,0.0,0.6666666666666666,0.0,0.0,1.0,0.0,2.0,2.0,mid,0.0,1.0,0.0,False,0.0,0.6666666666666666,0.0
8749655300,dire,9823272.0,195108598,108,Underlord,pos3,200,11212,447,445,1.0,0.0,3.0,1.0,12590,0,67.63348,0.0,1.0,0.6666666666666666,0.0,0.0,1.0,1.0,3.0,off,0.0,0.0,1.0,False,0.0,1.0,0.6666666666666666
8749655300,dire,9823272.0,93817671,110,Phoenix,pos4,39,5491,233,356,4.0,7.0,4.0,6.0,7070,0,0.0,0.0,0.0,1.0,1.0,0.0,0.0,3.0,1.0,safe,1.0,0.0,0.0,True,0.0,0.0,1.0
8749655300,dire,9823272.0,103735745,123,Hoodwink,pos5,50,4451,260,329,8.0,18.0,0.0,4.0,7642,0,29.066578,0.0,0.3333333333333333,0.0,0.0,0.0,1.0,1.0,3.0,off,0.0,0.0,1.0,False,0.0,0.3333333333333333,0.0
8749655300,radiant,8291895.0,331855530,54,Lifestealer,pos1,249,16816,613,736,0.0,0.0,3.0,2.0,13657,3021,0.0,0.6666666666666666,0.0,0.0,1.0,0.0,0.0,1.0,1.0,safe,1.0,0.0,0.0,False,0.6666666666666666,0.0,0.0
8749655300,radiant,8291895.0,93618577,38,Beastmaster,pos2,320,19785,720,852,1.0,1.0,7.0,8.0,19941,5560,18.633778,0.0,1.0,0.0,0.0,1.0,0.0,2.0,2.0,mid,0.0,1.0,0.0,False,0.0,1.0,0.0
8749655300,radiant,8291895.0,86698277,16,Sand King,pos3,235,15261,513,636,1.0,0.0,2.0,2.0,12274,0,15.199664,0.0,0.6666666666666666,0.0,0.0,0.0,1.0,3.0,3.0,off,0.0,0.0,1.0,False,0.0,0.6666666666666666,0.0
8749655300,radiant,8291895.0,346412363,100,Tusk,pos4,37,8184,328,446,5.0,5.0,0.0,2.0,6819,176,16.966976,0.0,0.6666666666666666,0.0,0.0,1.0,0.0,2.0,2.0,mid,0.0,1.0,0.0,True,0.0,0.6666666666666666,0.0
8749655300,radiant,8291895.0,136829091,64,Jakiro,pos5,26,6309,316,352,7.0,20.0,1.0,0.0,13696,2690,19.133635,0.0,0.0,0.6666666666666666,1.0,0.0,0.0,1.0,1.0,safe,1.0,0.0,0.0,False,0.0,0.0,0.6666666666666666
8749999137,dire,10101464.0,185908355,48,Luna,pos1,614,33588,868,924,0.0,0.0,2.0,3.0,40195,22300,14.633144,1.0,0.6666666666666666,0.0,1.0,0.0,0.0,3.0,1.0,safe,1.0,0.0,0.0,False,1.0,0.6666666666666666,0.0
8749999137,dire,10101464.0,179313961,17,Storm Spirit,pos2,342,23334,597,856,2.0,1.0,2.0,18.0,36496,2566,37.534,0.0,0.6666666666666666,0.0,0.0,1.0,0.0,2.0,2.0,mid,0.0,1.0,0.0,False,0.0,0.6666666666666666,0.0
8749999137,dire,10101464.0,137272985,155,Largo,pos3,321,23573,608,782,0.0,0.0,2.0,3.0,16203,298,6.9642935,0.0,1.0,0.0,0.0,0.0,1.0,1.0,3.0,off,0.0,0.0,1.0,False,0.0,1.0,0.0
8749999137,dire,10101464.0,1112797393,86,Rubick,pos4,107,13633,410,477,7.0,10.0,13.0,5.0,14643,190,38.58397,0.0,1.0,0.6666666666666666,0.0,1.0,0.0,2.0,2.0,mid,0.0,1.0,0.0,False,0.0,1.0,0.6666666666666666
8749999137,dire,10101464.0,257945712,31,Lich,pos5,34,11097,321,462,10.0,23.0,7.0,3.0,11742,44,16.133419,0.0,0.3333333333333333,1.0,1.0,0.0,0.0,3.0,1.0,safe,1.0,0.0,0.0,False,0.0,0.3333333333333333,1.0
8749999137,radiant,9885928.0,885187787,54,Lifestealer,pos1,341,22143,558,691,0.0,0.0,3.0,1.0,24268,1687,0.0,1.0,0.0,0.0,1.0,0.0,0.0,1.0,1.0,safe,1.0,0.0,0.0,False,1.0,0.0,0.0
8749999137,radiant,9885928.0,241107899,120,Pangolier,pos2,337,19785,528,685,2.0,0.0,0.0,4.0,23837,312,44.087677,0.6666666666666666,0.6666666666666666,0.0,0.0,1.0,0.0,2.0,2.0,mid,0.0,1.0,0.0,False,0.6666666666666666,0.6666666666666666,0.0
8749999137,radiant,9885928.0,435460860,99,Bristleback,pos3,407,21966,594,810,0.0,0.0,4.0,2.0,27145,838,0.0,0.0,1.0,0.0,0.0,0.0,1.0,3.0,3.0,off,0.0,0.0,1.0,False,0.0,1.0,0.0
8749999137,radiant,9885928.0,361748943,50,Dazzle,pos4,45,9353,273,413,8.0,16.0,1.0,1.0,7013,181,18.233473,0.0,0.3333333333333333,1.0,1.0,0.0,0.0,1.0,1.0,safe,1.0,0.0,0.0,False,0.0,0.3333333333333333,1.0
8749999137,radiant,9885928.0,235549078,100,Tusk,pos5,38,8023,251,379,8.0,19.0,5.0,1.0,8059,56,35.93367,0.0,0.6666666666666666,0.0,0.0,0.0,1.0,3.0,3.0,off,0.0,0.0,1.0,False,0.0,0.6666666666666666,0.0
8750123500,dire,10101464.0,185908355,46,Templar Assassin,pos1,89,5639,471,538,0.0,1.0,1.0,2.0,3822,0,0.0,0.0,0.0,0.0,1.0,0.0,0.0,3.0,1.0,safe,1.0,0.0,0.0,False,0.0,0.0,0.0
8750123500,dire,10101464.0,179313961,52,Leshrac,pos2,79,5724,465,532,2.0,0.0,3.0,4.0,8816,100,11.63368,0.0,0.3333333333333333,0.0,0.0,1.0,0.0,2.0,2.0,mid,0.0,1.0,0.0,False,0.0,0.3333333333333333,0.0
8750123500,dire,10101464.0,137272985,16,Sand King,pos3,64,5514,487,472,0.0,1.0,2.0,1.0,4646,0,10.899903,0.0,0.6666666666666666,0.0,0.0,0.0,1.0,1.0,3.0,off,0.0,0.0,1.0,False,0.0,0.6666666666666666,0.0
8750123500,dire,10101464.0,257945712,110,Phoenix,pos4,21,3045,281,300,1.0,3.0,1.0,1.0,6904,151,0.0,0.0,0.0,0.0,1.0,0.0,0.0,3.0,1.0,safe,1.0,0.0,0.0,False,0.0,0.0,0.0
8750123500,dire,10101464.0,1112797393,100,Tusk,pos5,19,3299,293,353,2.0,3.0,1.0,0.0,3755,85,8.43363,0.0,0.0,0.0,0.0,0.0,1.0,1.0,3.0,off,0.0,0.0,1.0,False,0.0,0.0,0.0
8750123500,radiant,9895695.0,141543406,138,Muerta,pos1,56,4743,411,311,0.0,0.0,0.0,0.0,4863,0,11.000538,0.0,0.0,0.0,1.0,0.0,0.0,1.0,1.0,safe,1.0,0.0,0.0,False,0.0,0.0,0.0
8750123500,radiant,9895695.0,133372681,106,Ember Spirit,pos2,58,4470,371,386,2.0,0.0,0.0,3.0,6992,140,15.032813,0.0,0.0,0.0,0.0,1.0,0.0,2.0,2.0,mid,0.0,1.0,0.0,False,0.0,0.0,0.0
8750123500,radiant,9895695.0,188551857,129,Mars,pos3,56,3720,319,337,0.0,1.0,0.0,0.0,1389,81,10.566602,0.0,0.0,0.0,0.0,0.0,1.0,3.0,3.0,off,0.0,0.0,1.0,False,0.0,0.0,0.0
8750123500,radiant,9895695.0,155430086,123,Hoodwink,pos4,10,2308,192,174,0.0,2.0,0.0,0.0,3768,0,16.900219,0.0,0.3333333333333333,0.0,0.0,0.0,1.0,3.0,3.0,off,0.0,0.0,1.0,True,0.0,0.3333333333333333,0.0
8750123500,radiant,9895695.0,189155591,87,Disruptor,pos5,2,1428,153,156,4.0,6.0,2.0,4.0,3650,0,0.0,0.0,0.0,0.0,1.0,0.0,0.0,1.0,1.0,safe,1.0,0.0,0.0,False,0.0,0.0,0.0
8750316733,dire,10101464.0,185908355,73,Alchemist,pos1,460,28184,958,867,0.0,0.0,6.0,2.0,23490,14811,52.099926,1.0,1.0,0.0,1.0,0.0,0.0,3.0,1.0,safe,1.0,0.0,0.0,False,1.0,1.0,0.0
8750316733,dire,10101464.0,179313961,126,Void Spirit,pos2,271,25637,586,739,1.0,1.0,2.0,12.0,32106,1142,0.0,0.0,0.6666666666666666,0.0,0.0,1.0,0.0,2.0,2.0,mid,0.0,1.0,0.0,False,0.0,0.6666666666666666,0.0
8750316733,dire,10101464.0,137272985,155,Largo,pos3,235,24785,543,689,0.0,0.0,1.0,0.0,20591,28,13.031409,0.0,0.6666666666666666,0.0,0.0,0.0,1.0,1.0,3.0,off,0.0,0.0,1.0,False,0.0,0.6666666666666666,0.0
8750316733,dire,10101464.0,257945712,37,Warlock,pos4,87,15651,406,535,5.0,17.0,4.0,0.0,14730,5051,4.96626,0.0,1.0,1.0,1.0,0.0,0.0,3.0,1.0,safe,1.0,0.0,0.0,False,0.0,1.0,1.0
8750316733,dire,10101464.0,1112797393,86,Rubick,pos5,52,13396,354,527,13.0,18.0,8.0,3.0,12163,29,38.531902,0.0,1.0,1.0,0.0,0.0,1.0,1.0,3.0,off,0.0,0.0,1.0,False,0.0,1.0,1.0
8750316733,radiant,9444076.0,175520789,1,Anti-Mage,pos1,515,24752,676,903,0.0,0.0,0.0,5.0,6262,1754,8.832812,1.0,0.0,0.0,1.0,0.0,0.0,1.0,1.0,safe,1.0,0.0,0.0,False,1.0,0.0,0.0
8750316733,radiant,9444076.0,137823304,17,Storm Spirit,pos2,377,19128,530,607,1.0,0.0,2.0,14.0,17960,348,11.4667,0.0,0.6666666666666666,0.0,0.0,1.0,0.0,2.0,2.0,mid,0.0,1.0,0.0,False,0.0,0.6666666666666666,0.0
8750316733,radiant,9444076.0,186577691,2,Axe,pos3,326,19356,542,575,0.0,0.0,7.0,2.0,22570,351,36.09941,0.0,1.0,0.6666666666666666,0.0,0.0,1.0,3.0,3.0,off,0.0,0.0,1.0,False,0.0,1.0,0.6666666666666666
8750316733,radiant,9444076.0,172141367,123,Hoodwink,pos4,145,11098,335,409,10.0,18.0,0.0,2.0,14501,330,75.66598,0.0,0.3333333333333333,0.6666666666666666,0.0,0.0,1.0,3.0,3.0,off,0.0,0.0,1.0,False,0.0,0.3333333333333333,0.6666666666666666
8750316733,radiant,9444076.0,108839644,5,Crystal Maiden,pos5,70,9306,292,362,6.0,14.0,1.0,0.0,12679,22,46.999928,0.0,0.3333333333333333,1.0,1.0,0.0,0.0,1.0,1.0,safe,1.0,0.0,0.0,False,0.0,0.3333333333333333,1.0
8753498070,dire,9255039.0,125445069,73,Alchemist,pos1,379,16412,782,730,0.0,0.0,6.0,0.0,9207,0,27.000122,0.6666666666666666,1.0,0.0,1.0,0.0,0.0,3.0,1.0,safe,1.0,0.0,0.0,False,0.6666666666666666,1.0,0.0
8753498070,dire,9255039.0,123023873,120,Pangolier,pos2,291,19750,523,592,2.0,1.0,0.0,9.0,16576,276,21.601068,0.6666666666666666,0.6666666666666666,0.0,0.0,1.0,0.0,2.0,2.0,mid,0.0,1.0,0.0,False,0.6666666666666666,0.6666666666666666,0.0
8753498070,dire,9255039.0,383788462,137,Primal Beast,pos3,203,16924,441,475,0.0,0.0,0.0,2.0,12808,367,25.566166,0.0,1.0,0.0,0.0,0.0,1.0,1.0,3.0,off,0.0,0.0,1.0,False,0.0,1.0,0.0
8753498070,dire,9255039.0,122817493,86,Rubick,pos4,75,8751,299,337,9.0,18.0,2.0,2.0,10819,263,19.199207,0.0,0.3333333333333333,1.0,1.0,0.0,0.0,3.0,1.0,safe,1.0,0.0,0.0,True,0.0,0.3333333333333333,1.0
8753498070,dire,9255039.0,175311897,91,Io,pos5,43,6643,235,340,3.0,7.0,7.0,0.0,3592,139,0.0,0.0,0.0,1.0,0.0,0.0,1.0,1.0,3.0,off,0.0,0.0,1.0,False,0.0,0.0,1.0
8753498070,radiant,2576071.0,194979527,48,Luna,pos1,477,25383,801,870,1.0,0.0,3.0,5.0,20105,10093,13.466226,1.0,0.6666666666666666,0.0,1.0,0.0,0.0,1.0,1.0,safe,1.0,0.0,0.0,False,1.0,0.6666666666666666,0.0
8753498070,radiant,2576071.0,860145568,17,Storm Spirit,pos2,278,17108,568,726,2.0,1.0,0.0,10.0,14111,892,17.499756,0.0,0.6666666666666666,0.0,0.0,1.0,0.0,2.0,2.0,mid,0.0,1.0,0.0,False,0.0,0.6666666666666666,0.0
8753498070,radiant,2576071.0,140835095,99,Bristleback,pos3,334,21147,683,958,0.0,0.0,2.0,4.0,26037,12474,0.0,0.0,1.0,0.6666666666666666,0.0,0.0,1.0,3.0,3.0,off,0.0,0.0,1.0,False,0.0,1.0,0.6666666666666666
8753498070,radiant,2576071.0,218231587,123,Hoodwink,pos4,46,10143,355,396,8.0,11.0,5.0,0.0,10869,59,20.76638,0.0,0.6666666666666666,1.0,0.0,0.0,1.0,3.0,3.0,off,0.0,0.0,1.0,False,0.0,0.6666666666666666,1.0
8753498070,radiant,2576071.0,217472313,45,Pugna,pos5,66,8815,324,389,5.0,16.0,2.0,2.0,11602,5421,0.0,0.0,0.3333333333333333,1.0,1.0,0.0,0.0,1.0,1.0,safe,1.0,0.0,0.0,False,0.0,0.3333333333333333,1.0
8753565836,dire,2576071.0,194979527,54,Lifestealer,pos1,550,35876,737,1075,0.0,0.0,0.0,2.0,43901,16885,24.634018,1.0,0.6666666666666666,0.0,1.0,0.0,0.0,3.0,1.0,safe,1.0,0.0,0.0,False,1.0,0.6666666666666666,0.0
8753565836,dire,2576071.0,860145568,114,Monkey King,pos2,359,26812,609,811,2.0,0.0,0.0,12.0,36301,6308,53.69885,1.0,0.6666666666666666,0.0,0.0,1.0,0.0,2.0,2.0,mid,0.0,1.0,0.0,False,1.0,0.6666666666666666,0.0
8753565836,dire,2576071.0,140835095,120,Pangolier,pos3,548,35145,749,1171,1.0,0.0,3.0,6.0,48175,2145,90.505974,0.3333333333333333,0.3333333333333333,0.0,0.0,0.0,1.0,1.0,3.0,off,0.0,0.0,1.0,False,0.3333333333333333,0.3333333333333333,0.0
8753565836,dire,2576071.0,217472313,45,Pugna,pos4,86,11887,315,482,4.0,17.0,1.0,4.0,17365,6472,7.5,0.0,0.6666666666666666,1.0,1.0,0.0,0.0,3.0,1.0,safe,1.0,0.0,0.0,True,0.0,0.6666666666666666,1.0
8753565836,dire,2576071.0,218231587,123,Hoodwink,pos5,100,13705,338,580,17.0,22.0,3.0,4.0,18267,833,66.23318,0.0,1.0,0.0,0.0,0.0,1.0,1.0,3.0,off,0.0,0.0,1.0,False,0.0,1.0,0.0
8753565836,radiant,9255039.0,125445069,41,Faceless Void,pos1,458,24278,572,732,0.0,0.0,0.0,2.0,28481,660,16.266788,1.0,0.6666666666666666,0.0,1.0,0.0,0.0,1.0,1.0,safe,1.0,0.0,0.0,False,1.0,0.6666666666666666,0.0
8753565836,radiant,9255039.0,123023873,106,Ember Spirit,pos2,475,29292,636,894,2.0,0.0,1.0,13.0,49812,204,109.923096,0.0,0.6666666666666666,0.0,0.0,1.0,0.0,2.0,2.0,mid,0.0,1.0,0.0,False,0.0,0.6666666666666666,0.0
8753565836,radiant,9255039.0,383788462,99,Bristleback,pos3,430,23956,555,781,0.0,0.0,1.0,3.0,27638,5631,0.0,0.0,1.0,0.6666666666666666,0.0,0.0,1.0,3.0,3.0,off,0.0,0.0,1.0,False,0.0,1.0,0.6666666666666666
8753565836,radiant,9255039.0,122817493,128,Snapfire,pos4,122,14452,370,397,10.0,23.0,2.0,4.0,18078,91,11.4,0.0,1.0,1.0,1.0,0.0,0.0,1.0,1.0,safe,1.0,0.0,0.0,False,0.0,1.0,1.0
8753565836,radiant,9255039.0,175311897,100,Tusk,pos5,57,11706,285,447,11.0,21.0,5.0,5.0,15879,0,46.267593,0.0,1.0,0.6666666666666666,0.0,1.0,0.0,2.0,2.0,mid,0.0,1.0,0.0,False,0.0,1.0,0.6666666666666666
8753944256,dire,10101464.0,185908355,73,Alchemist,pos1,535,24783,1067,875,0.0,0.0,7.0,2.0,15851,17942,15.466845,0.6666666666666666,1.0,0.0,1.0,0.0,0.0,3.0,1.0,safe,1.0,0.0,0.0,False,0.6666666666666666,1.0,0.0
8753944256,dire,10101464.0,179313961,106,Ember Spirit,pos2,265,26559,606,792,1.0,1.0,1.0,13.0,40425,1935,55.13143,0.0,0.6666666666666666,0.0,0.0,1.0,0.0,2.0,2.0,mid,0.0,1.0,0.0,False,0.0,0.6666666666666666,0.0
8753944256,dire,10101464.0,137272985,28,Slardar,pos3,264,23626,549,764,0.0,0.0,2.0,4.0,10974,2865,22.866306,0.0,1.0,0.0,0.0,0.0,1.0,1.0,3.0,off,0.0,0.0,1.0,False,0.0,1.0,0.0
8753944256,dire,10101464.0,1112797393,71,Spirit Breaker,pos4,89,17958,402,547,8.0,13.0,3.0,5.0,9786,373,49.699837,0.0,1.0,0.0,0.0,0.0,1.0,1.0,3.0,off,0.0,0.0,1.0,False,0.0,1.0,0.0
8753944256,dire,10101464.0,257945712,64,Jakiro,pos5,76,18662,385,419,9.0,16.0,2.0,0.0,10654,1654,33.30017,0.0,1.0,1.0,1.0,0.0,0.0,3.0,1.0,safe,1.0,0.0,0.0,False,0.0,1.0,1.0
8753944256,radiant,9885310.0,1101855381,72,Gyrocopter,pos1,410,19506,573,638,0.0,0.0,2.0,2.0,18072,2514,25.533756,0.6666666666666666,0.6666666666666666,0.0,1.0,0.0,0.0,1.0,1.0,safe,1.0,0.0,0.0,False,0.6666666666666666,0.6666666666666666,0.0
8753944256,radiant,9885310.0,137895298,126,Void Spirit,pos2,311,18530,503,648,2.0,0.0,1.0,9.0,17506,364,5.0,0.0,0.0,0.0,0.0,1.0,0.0,2.0,2.0,mid,0.0,1.0,0.0,False,0.0,0.0,0.0
8753944256,radiant,9885310.0,165178538,98,Timbersaw,pos3,342,18704,507,633,0.0,0.0,1.0,1.0,8793,238,11.933594,0.0,1.0,0.6666666666666666,0.0,0.0,1.0,3.0,3.0,off,0.0,0.0,1.0,False,0.0,1.0,0.6666666666666666
8753944256,radiant,9885310.0,164530809,65,Batrider,pos4,111,7869,270,395,3.0,4.0,7.0,4.0,12047,177,44.833008,0.0,0.6666666666666666,0.0,0.0,0.0,1.0,3.0,3.0,off,0.0,0.0,1.0,True,0.0,0.6666666666666666,0.0
8753944256,radiant,9885310.0,135607261,110,Phoenix,pos5,108,10078,324,412,14.0,30.0,4.0,2.0,12343,0,3.4665527,0.0,0.0,1.0,1.0,0.0,0.0,1.0,1.0,safe,1.0,0.0,0.0,False,0.0,0.0,1.0
8753981091,dire,9885310.0,1101855381,46,Templar Assassin,pos1,430,27070,784,918,0.0,0.0,4.0,2.0,29813,14060,0.0,1.0,1.0,0.3333333333333333,1.0,0.0,0.0,3.0,1.0,safe,1.0,0.0,0.0,False,1.0,1.0,0.3333333333333333
8753981091,dire,9885310.0,137895298,17,Storm Spirit,pos2,274,18629,558,774,2.0,0.0,0.0,13.0,14913,1355,17.532911,0.0,0.6666666666666666,0.0,0.0,1.0,0.0,2.0,2.0,mid,0.0,1.0,0.0,False,0.0,0.6666666666666666,0.0
8753981091,dire,9885310.0,165178538,65,Batrider,pos3,276,18959,534,847,0.0,0.0,4.0,4.0,17217,0,39.399414,1.0,1.0,0.3333333333333333,0.0,0.0,1.0,1.0,3.0,off,0.0,0.0,1.0,False,1.0,1.0,0.3333333333333333
8753981091,dire,9885310.0,135607261,110,Phoenix,pos4,93,12853,390,613,11.0,28.0,4.0,0.0,14401,173,10.466602,0.0,0.0,1.0,0.0,1.0,0.0,2.0,2.0,mid,0.0,1.0,0.0,True,0.0,0.0,1.0
8753981091,dire,9885310.0,164530809,41,Faceless Void,pos5,30,7881,259,384,4.0,4.0,2.0,2.0,4215,790,2.5996091,0.0,0.0,1.0,0.0,0.0,1.0,1.0,3.0,off,0.0,0.0,1.0,False,0.0,0.0,1.0
8753981091,radiant,10101464.0,185908355,70,Ursa,pos1,378,20480,614,675,0.0,0.0,0.0,1.0,11329,1322,2.7332032,0.3333333333333333,1.0,0.0,1.0,0.0,0.0,1.0,1.0,safe,1.0,0.0,0.0,False,0.3333333333333333,1.0,0.0
8753981091,radiant,10101464.0,179313961,107,Earth Spirit,pos2,206,13619,422,527,1.0,0.0,0.0,10.0,21461,303,21.233543,0.0,1.0,0.6666666666666666,0.0,1.0,0.0,2.0,2.0,mid,0.0,1.0,0.0,False,0.0,1.0,0.6666666666666666
8753981091,radiant,10101464.0,137272985,16,Sand King,pos3,208,14300,436,492,1.0,3.0,2.0,1.0,15541,240,27.733578,0.0,1.0,0.0,0.0,0.0,1.0,3.0,3.0,off,0.0,0.0,1.0,False,0.0,1.0,0.0
8753981091,radiant,10101464.0,257945712,64,Jakiro,pos4,53,7552,299,414,11.0,17.0,1.0,1.0,11114,2247,29.099976,0.0,0.6666666666666666,0.0,1.0,0.0,0.0,1.0,1.0,safe,1.0,0.0,0.0,False,0.0,0.6666666666666666,0.0
8753981091,radiant,10101464.0,1112797393,101,Skywrath Mage,pos5,48,6835,267,448,4.0,13.0,8.0,4.0,9699,212,0.0,0.0,0.3333333333333333,0.6666666666666666,0.0,1.0,0.0,2.0,2.0,mid,0.0,1.0,0.0,True,0.0,0.3333333333333333,0.6666666666666666
8754021619,dire,10101464.0,185908355,46,Templar Assassin,pos1,832,33824,793,1021,0.0,0.0,2.0,6.0,25826,12454,8.7334175,1.0,1.0,0.3333333333333333,1.0,0.0,0.0,3.0,1.0,safe,1.0,0.0,0.0,False,1.0,1.0,0.3333333333333333
8754021619,dire,10101464.0,179313961,16,Sand King,pos2,433,26512,572,788,1.0,1.0,7.0,15.0,30147,189,43.565983,0.6666666666666666,1.0,0.0,0.0,1.0,0.0,2.0,2.0,mid,0.0,1.0,0.0,False,0.6666666666666666,1.0,0.0
8754021619,dire,10101464.0,137272985,129,Mars,pos3,417,25808,565,719,0.0,0.0,1.0,6.0,17079,579,77.33505,0.0,1.0,0.0,0.0,0.0,1.0,1.0,3.0,off,0.0,0.0,1.0,False,0.0,1.0,0.0
8754021619,dire,10101464.0,257945712,110,Phoenix,pos4,176,16100,361,580,12.0,25.0,1.0,2.0,21557,0,5.0331216,0.0,0.6666666666666666,1.0,1.0,0.0,0.0,3.0,1.0,safe,1.0,0.0,0.0,False,0.0,0.6666666666666666,1.0
8754021619,dire,10101464.0,1112797393,100,Tusk,pos5,100,12696,327,518,11.0,21.0,5.0,3.0,9567,0,33.733494,0.0,1.0,0.0,0.0,0.0,1.0,1.0,3.0,off,0.0,0.0,1.0,False,0.0,1.0,0.0
8754021619,radiant,9885310.0,1101855381,41,Faceless Void,pos1,583,38227,764,897,0.0,0.0,2.0,2.0,41204,14002,20.532598,1.0,1.0,0.0,1.0,0.0,0.0,1.0,1.0,safe,1.0,0.0,0.0,False,1.0,1.0,0.0
8754021619,radiant,9885310.0,137895298,13,Puck,pos2,622,38319,729,942,2.0,0.0,1.0,17.0,31973,8277,12.766602,1.0,0.3333333333333333,0.6666666666666666,0.0,1.0,0.0,2.0,2.0,mid,0.0,1.0,0.0,False,1.0,0.3333333333333333,0.6666666666666666
8754021619,radiant,9885310.0,165178538,120,Pangolier,pos3,408,27772,572,815,0.0,0.0,0.0,0.0,27653,226,53.30297,0.0,1.0,0.6666666666666666,0.0,0.0,1.0,3.0,3.0,off,0.0,0.0,1.0,False,0.0,1.0,0.6666666666666666
8754021619,radiant,9885310.0,164530809,119,Dark Willow,pos4,106,18111,382,747,5.0,4.0,5.0,3.0,16917,1098,161.83356,0.0,0.6666666666666666,0.6666666666666666,0.0,1.0,0.0,2.0,2.0,mid,0.0,1.0,0.0,True,0.0,0.6666666666666666,0.6666666666666666
8754021619,radiant,9885310.0,135607261,64,Jakiro,pos5,126,19135,446,656,19.0,45.0,1.0,3.0,15274,4699,34.533478,0.0,1.0,1.0,1.0,0.0,0.0,1.0,1.0,safe,1.0,0.0,0.0,False,0.0,1.0,1.0
8754078295,dire,9886289.0,373667079,93,Slark,pos1,275,14858,495,573,1.0,1.0,2.0,3.0,13067,344,0.0,1.0,0.6666666666666666,0.0,1.0,0.0,0.0,3.0,1.0,safe,1.0,0.0,0.0,False,1.0,0.6666666666666666,0.0
8754078295,dire,9886289.0,307291170,39,Queen of Pain,pos2,237,14352,449,468,2.0,0.0,2.0,8.0,19589,411,0.0,0.0,0.0,0.0,0.0,1.0,0.0,2.0,2.0,mid,0.0,1.0,0.0,False,0.0,0.0,0.0
8754078295,dire,9886289.0,325674279,108,Underlord,pos3,235,12533,470,557,0.0,0.0,1.0,0.0,20632,279,128.63289,0.0,1.0,0.6666666666666666,0.0,0.0,1.0,1.0,3.0,off,0.0,0.0,1.0,False,0.0,1.0,0.6666666666666666
8754078295,dire,9886289.0,859505832,110,Phoenix,pos4,63,7733,298,326,6.0,16.0,0.0,2.0,16139,105,0.0,0.0,0.0,0.0,1.0,0.0,0.0,3.0,1.0,safe,1.0,0.0,0.0,False,0.0,0.0,0.0
8754078295,dire,9886289.0,128660724,26,Lion,pos5,20,5069,202,300,6.0,10.0,0.0,2.0,8867,110,85.83359,0.0,0.6666666666666666,0.0,0.0,0.0,1.0,1.0,3.0,off,0.0,0.0,1.0,False,0.0,0.6666666666666666,0.0
8754078295,radiant,8261500.0,898754153,114,Monkey King,pos1,292,23370,715,829,0.0,1.0,2.0,2.0,15029,8735,17.333057,0.6666666666666666,0.6666666666666666,0.0,1.0,0.0,0.0,1.0,1.0,safe,1.0,0.0,0.0,False,0.6666666666666666,0.6666666666666666,0.0
8754078295,radiant,8261500.0,173978074,59,Huskar,pos2,260,20610,587,747,2.0,0.0,0.0,4.0,23054,12019,12.866699,0.0,0.6666666666666666,0.0,0.0,1.0,0.0,2.0,2.0,mid,0.0,1.0,0.0,False,0.0,0.6666666666666666,0.0
8754078295,radiant,8261500.0,129958758,29,Tidehunter,pos3,290,17728,561,670,0.0,0.0,2.0,3.0,14010,1629,21.00039,0.0,1.0,0.0,0.0,0.0,1.0,3.0,3.0,off,0.0,0.0,1.0,False,0.0,1.0,0.0
8754078295,radiant,8261500.0,101695162,91,Io,pos4,48,10732,335,456,0.0,3.0,4.0,3.0,9429,569,0.0,0.0,0.0,1.0,0.0,0.0,1.0,3.0,3.0,off,0.0,0.0,1.0,False,0.0,0.0,1.0
8754078295,radiant,8261500.0,94296097,87,Disruptor,pos5,22,9104,305,375,14.0,26.0,2.0,8.0,10493,0,0.0,0.0,0.3333333333333333,1.0,1.0,0.0,0.0,1.0,1.0,safe,1.0,0.0,0.0,False,0.0,0.3333333333333333,1.0
8754079014,dire,9467224.0,124801257,114,Monkey King,pos1,658,38143,789,1008,1.0,0.0,2.0,2.0,47040,14459,24.99911,1.0,0.6666666666666666,0.0,1.0,0.0,0.0,3.0,1.0,safe,1.0,0.0,0.0,False,1.0,0.6666666666666666,0.0
8754079014,dire,9467224.0,301750126,13,Puck,pos2,630,37399,725,991,1.0,1.0,3.0,19.0,40126,5857,35.29927,0.0,0.6666666666666666,0.6666666666666666,0.0,1.0,0.0,2.0,2.0,mid,0.0,1.0,0.0,False,0.0,0.6666666666666666,0.6666666666666666
8754079014,dire,9467224.0,126842529,155,Largo,pos3,589,35692,647,991,0.0,0.0,4.0,4.0,25036,314,8.602935,0.3333333333333333,1.0,0.6666666666666666,0.0,0.0,1.0,1.0,3.0,off,0.0,0.0,1.0,False,0.3333333333333333,1.0,0.6666666666666666
8754079014,dire,9467224.0,320219866,40,Venomancer,pos4,204,21005,419,716,12.0,33.0,4.0,8.0,23365,2760,0.0,0.0,0.0,1.0,1.0,0.0,0.0,3.0,1.0,safe,1.0,0.0,0.0,True,0.0,0.0,1.0
8754079014,dire,9467224.0,256156323,86,Rubick,pos5,143,22231,413,751,13.0,17.0,3.0,0.0,17169,300,88.69935,0.0,1.0,1.0,0.0,0.0,1.0,1.0,3.0,off,0.0,0.0,1.0,True,0.0,1.0,1.0
8754079014,radiant,9928636.0,293731272,138,Muerta,pos1,650,33845,686,916,0.0,0.0,5.0,3.0,64048,13523,24.166954,1.0,1.0,0.3333333333333333,1.0,0.0,0.0,1.0,1.0,safe,1.0,0.0,0.0,False,1.0,1.0,0.3333333333333333
8754079014,radiant,9928636.0,40805086,90,Keeper of the Light,pos2,642,36220,705,823,1.0,0.0,6.0,8.0,28390,306,33.26606,0.0,0.6666666666666666,0.3333333333333333,0.0,1.0,0.0,2.0,2.0,mid,0.0,1.0,0.0,False,0.0,0.6666666666666666,0.3333333333333333
8754079014,radiant,9928636.0,148612029,29,Tidehunter,pos3,396,26326,506,773,0.0,0.0,3.0,1.0,21727,1219,65.06945,0.0,1.0,0.0,0.0,0.0,1.0,3.0,3.0,off,0.0,0.0,1.0,False,0.0,1.0,0.0
8754079014,radiant,9928636.0,276449590,88,Nyx Assassin,pos4,29,9547,287,432,12.0,26.0,5.0,9.0,23149,0,131.96379,0.0,0.6666666666666666,0.6666666666666666,0.0,0.0,0.0,4.0,4.0,unknown,0.0,0.0,0.0,True,0.0,0.6666666666666666,0.6666666666666666
8754079014,radiant,9928636.0,1048617659,110,Phoenix,pos5,142,15045,385,462,13.0,28.0,7.0,1.0,23857,0,25.634203,0.0,0.0,0.6666666666666666,1.0,0.0,0.0,1.0,1.0,safe,1.0,0.0,0.0,False,0.0,0.0,0.6666666666666666
8754127507,dire,9886289.0,373667079,48,Luna,pos1,289,13471,516,653,0.0,1.0,1.0,1.0,9141,253,14.733982,1.0,0.0,0.3333333333333333,1.0,0.0,0.0,3.0,1.0,safe,1.0,0.0,0.0,False,1.0,0.0,0.3333333333333333
8754127507,dire,9886289.0,307291170,16,Sand King,pos2,168,9839,398,483,1.0,1.0,5.0,4.0,11221,0,25.966393,0.0,0.6666666666666666,0.0,0.0,1.0,0.0,2.0,2.0,mid,0.0,1.0,0.0,False,0.0,0.6666666666666666,0.0
8754127507,dire,9886289.0,325674279,78,Brewmaster,pos3,127,9743,372,397,0.0,0.0,4.0,0.0,6966,0,26.066427,0.0,0.0,0.0,0.0,0.0,1.0,1.0,3.0,off,0.0,0.0,1.0,False,0.0,0.0,0.0
8754127507,dire,9886289.0,128660724,123,Hoodwink,pos4,35,4738,222,230,5.0,9.0,3.0,1.0,9194,0,41.000126,0.0,0.3333333333333333,0.6666666666666666,0.0,0.0,1.0,1.0,3.0,off,0.0,0.0,1.0,False,0.0,0.3333333333333333,0.6666666666666666
8754127507,dire,9886289.0,859505832,112,Winter Wyvern,pos5,41,4725,214,236,7.0,13.0,5.0,0.0,7001,0,11.999766,0.0,1.0,0.0,1.0,0.0,0.0,3.0,1.0,safe,1.0,0.0,0.0,True,0.0,1.0,0.0
8754127507,radiant,8261500.0,898754153,114,Monkey King,pos1,253,17927,668,684,0.0,0.0,1.0,1.0,12652,12881,18.199417,0.0,0.6666666666666666,0.0,1.0,0.0,0.0,1.0,1.0,safe,1.0,0.0,0.0,False,0.0,0.6666666666666666,0.0
8754127507,radiant,8261500.0,173978074,106,Ember Spirit,pos2,150,14038,535,626,2.0,1.0,0.0,14.0,22824,1116,79.39936,0.0,0.0,0.0,0.0,1.0,0.0,2.0,2.0,mid,0.0,1.0,0.0,False,0.0,0.0,0.0
8754127507,radiant,8261500.0,129958758,99,Bristleback,pos3,251,17488,654,650,0.0,0.0,1.0,2.0,10817,10100,0.0,0.0,0.6666666666666666,0.0,0.0,0.0,1.0,3.0,3.0,off,0.0,0.0,1.0,False,0.0,0.6666666666666666,0.0
8754127507,radiant,8261500.0,101695162,86,Rubick,pos4,56,9994,392,464,1.0,5.0,0.0,1.0,13402,255,46.332737,0.0,1.0,0.6666666666666666,0.0,0.0,1.0,3.0,3.0,off,0.0,0.0,1.0,False,0.0,1.0,0.6666666666666666
8754127507,radiant,8261500.0,94296097,110,Phoenix,pos5,55,9375,357,445,11.0,20.0,1.0,1.0,10410,674,0.0,0.0,0.3333333333333333,1.0,1.0,0.0,0.0,1.0,1.0,safe,1.0,0.0,0.0,False,0.0,0.3333333333333333,1.0
